UserID,MovieID,Age,Gender,Occupation,Action,Adventure,Animation,Children's,Comedy,Crime,Documentary,Drama,Fantasy,Film-Noir,Horror,Musical,Mystery,Romance,Sci-Fi,Thriller,War,Western,unknown,Rating
659,70,31,M,educator,0,0,0,0,1,0,0,0,0,0,0,0,0,1,0,0,0,0,0,4
713,882,42,F,other,0,0,0,0,0,0,0,1,0,0,0,0,0,0,0,0,0,0,0,3
883,55,49,M,librarian,0,0,0,0,0,1,0,1,0,0,0,0,0,1,0,1,0,0,0,4
703,322,26,M,educator,0,0,0,0,0,0,0,0,0,0,0,0,1,0,0,1,0,0,0,3
707,317,56,F,librarian,0,0,0,0,0,0,0,1,0,0,0,0,0,0,0,0,0,0,0,3
659,315,31,M,educator,0,0,0,0,0,0,0,1,0,0,0,0,0,0,0,1,0,0,0,3
676,750,30,M,programmer,0,0,0,0,0,0,0,1,0,0,0,0,0,0,0,0,0,0,0,4
268,176,24,M,engineer,1,0,0,0,0,0,0,0,0,0,0,0,0,0,1,1,1,0,0,5
57,323,16,M,none,1,0,0,0,0,0,0,0,0,0,0,0,0,0,0,1,0,0,0,3
690,208,35,M,salesman,0,0,0,0,1,0,0,0,0,0,1,0,0,0,0,0,0,0,0,5
845,909,64,M,doctor,0,0,0,0,0,0,0,1,0,0,0,0,0,0,0,0,0,0,0,4
913,210,27,M,student,1,1,0,0,0,0,0,0,0,0,0,0,0,0,0,0,0,0,0,2
251,79,28,M,doctor,1,0,0,0,0,0,0,0,0,0,0,0,0,0,0,1,0,0,0,5
916,135,27,M,engineer,0,0,0,0,0,0,0,1,0,0,0,0,1,0,1,1,0,0,0,4
457,676,33,F,salesman,0,0,0,0,0,0,0,1,0,0,0,0,0,0,0,0,0,0,0,3
880,21,13,M,student,1,1,0,0,1,0,0,0,0,0,0,1,0,0,0,1,0,0,0,2
916,50,27,M,engineer,1,1,0,0,0,0,0,0,0,0,0,0,0,1,1,0,1,0,0,5
728,116,58,M,executive,0,0,0,0,1,0,0,0,0,0,0,0,0,0,0,0,0,0,0,4
812,245,22,M,technician,1,0,0,0,0,0,0,1,0,0,0,0,0,0,0,1,1,0,0,2
911,240,37,F,writer,0,0,1,0,1,0,0,0,0,0,0,0,0,0,0,0,0,0,0,1
643,159,39,M,scientist,0,0,0,0,0,0,0,0,0,0,0,0,1,0,0,1,0,0,0,3
286,250,27,M,student,1,0,0,0,0,0,0,0,0,0,0,0,0,0,1,0,0,0,0,4
405,26,22,F,healthcare,0,0,0,0,1,0,0,0,0,0,0,0,0,0,0,0,0,0,0,3
679,322,20,F,student,0,0,0,0,0,0,0,0,0,0,0,0,1,0,0,1,0,0,0,3
650,391,42,M,engineer,1,0,0,0,1,0,0,0,0,0,0,0,0,0,0,0,0,0,0,2
405,1041,22,F,healthcare,0,0,0,0,1,0,0,0,0,0,0,0,0,1,0,0,0,0,0,5
659,708,31,M,educator,0,0,0,0,0,0,0,1,0,0,0,0,0,0,0,0,0,0,0,3
774,447,30,M,student,0,0,0,0,0,0,0,0,0,0,1,0,0,0,0,0,0,0,0,1
332,678,20,M,student,0,0,0,0,0,0,0,1,0,0,0,0,0,0,0,1,0,0,0,4
531,898,30,F,salesman,0,0,0,0,0,0,0,1,0,0,0,0,0,0,0,0,0,0,0,5
455,550,48,M,administrator,1,0,0,0,0,0,0,0,0,0,0,0,0,0,0,1,0,0,0,4
830,265,46,M,programmer,1,0,0,0,0,0,0,0,0,0,0,0,0,0,0,1,0,0,0,5
934,179,61,M,engineer,0,0,0,0,0,0,0,0,0,0,0,0,0,0,1,0,0,0,0,2
754,237,59,F,librarian,0,0,0,0,0,0,0,1,0,0,0,0,0,1,0,0,0,0,0,3
524,82,56,M,educator,1,1,0,0,0,0,0,0,0,0,0,0,0,0,1,0,0,0,0,4
843,69,35,M,librarian,0,0,0,0,1,0,0,0,0,0,0,0,0,1,0,0,1,0,0,3
274,1051,20,F,student,0,0,0,0,1,0,0,0,0,0,0,0,0,0,0,0,0,0,0,4
25,121,39,M,engineer,1,0,0,0,0,0,0,0,0,0,0,0,0,0,1,0,1,0,0,4
452,179,35,M,administrator,0,0,0,0,0,0,0,0,0,0,0,0,0,0,1,0,0,0,0,5
919,246,25,M,other,0,0,0,0,0,0,0,1,0,0,0,0,0,1,0,0,0,0,0,3
522,480,36,M,engineer,0,0,0,0,1,0,0,0,0,0,0,0,0,0,0,1,0,0,0,5
613,435,37,F,marketing,1,0,0,0,1,0,0,0,0,0,0,0,0,0,0,0,0,1,0,5
882,416,35,M,engineer,0,0,0,1,0,0,0,1,0,0,0,0,0,0,0,0,0,0,0,4
734,487,25,F,other,0,0,0,0,1,0,0,0,0,0,0,0,0,1,0,0,0,0,0,4
474,479,51,M,executive,0,0,0,0,0,0,0,0,0,0,0,0,1,0,0,1,0,0,0,5
712,1503,22,F,student,0,1,0,1,0,0,0,0,0,0,0,0,0,0,0,0,0,0,0,4
823,173,27,M,artist,1,1,0,0,1,0,0,0,0,0,0,0,0,1,0,0,0,0,0,5
715,28,21,M,technician,1,0,0,0,0,0,0,1,0,0,0,0,0,0,0,1,0,0,0,5
393,125,19,M,student,0,0,0,0,0,0,0,1,0,0,0,0,0,1,0,0,0,0,0,4
317,260,22,M,administrator,1,0,0,0,0,0,0,0,0,0,0,0,1,0,1,1,0,0,0,4
597,151,23,M,other,0,1,0,1,1,0,0,0,0,0,0,0,0,0,0,0,0,0,0,4
919,717,25,M,other,0,0,0,0,0,0,0,1,0,0,0,0,0,0,0,1,0,0,0,3
697,975,25,M,other,0,0,0,0,0,0,0,0,0,0,0,0,0,0,0,1,0,0,0,1
13,49,47,M,educator,0,0,0,0,1,0,0,0,0,0,0,0,0,1,0,0,0,0,0,4
883,1115,49,M,librarian,0,0,0,0,1,0,0,1,0,0,0,0,0,1,0,0,0,0,0,4
526,273,30,M,marketing,1,0,0,0,0,1,0,0,0,0,0,0,0,0,0,1,0,0,0,2
889,226,24,M,technician,1,0,0,0,0,0,0,0,0,0,0,0,0,0,0,1,0,0,0,2
883,65,49,M,librarian,0,0,0,0,1,0,0,1,0,0,0,0,0,0,0,0,0,0,0,4
553,506,58,M,educator,0,0,0,0,0,0,0,1,0,0,0,0,0,0,0,0,0,0,0,4
486,408,39,M,educator,0,0,1,0,1,0,0,0,0,0,0,0,0,0,0,1,0,0,0,3
85,1113,51,M,educator,0,0,0,0,0,0,0,1,0,0,0,0,0,0,0,0,0,0,0,2
608,735,22,M,other,0,0,0,0,0,0,0,1,0,0,0,0,0,0,0,0,0,0,0,4
894,311,47,M,educator,0,0,0,0,0,0,0,1,0,0,0,0,0,1,0,1,0,0,0,4
210,174,39,M,engineer,1,1,0,0,0,0,0,0,0,0,0,0,0,0,0,0,0,0,0,5
606,475,28,M,programmer,0,0,0,0,0,0,0,1,0,0,0,0,0,0,0,0,0,0,0,4
318,275,65,M,retired,0,0,0,0,0,0,0,1,0,0,0,0,0,1,0,0,0,0,0,4
815,614,32,M,other,0,0,0,0,0,0,0,1,0,0,0,0,0,0,0,0,0,0,0,3
707,638,56,F,librarian,0,0,0,0,0,0,0,1,0,0,0,0,0,0,0,0,0,0,0,4
497,1046,20,M,student,0,0,0,0,0,0,0,0,0,0,0,0,0,0,0,1,0,0,0,3
894,1379,47,M,educator,0,0,0,0,0,0,0,0,0,0,0,0,0,1,0,0,0,0,0,4
744,9,35,M,marketing,0,0,0,0,0,0,0,1,0,0,0,0,0,0,0,0,0,0,0,3
918,64,40,M,scientist,0,0,0,0,0,0,0,1,0,0,0,0,0,0,0,0,0,0,0,4
790,51,27,M,technician,0,0,0,0,0,0,0,1,0,0,0,0,0,1,0,0,1,1,0,3
860,311,70,F,retired,0,0,0,0,0,0,0,1,0,0,0,0,0,1,0,1,0,0,0,4
872,350,19,F,student,1,0,0,0,0,0,0,0,0,0,0,0,1,0,0,1,0,0,0,3
693,191,43,F,healthcare,0,0,0,0,0,0,0,1,0,0,0,0,1,0,0,0,0,0,0,2
769,235,39,M,executive,1,0,0,0,1,0,0,0,0,0,0,0,0,0,1,0,1,0,0,3
233,70,38,M,engineer,0,0,0,0,1,0,0,0,0,0,0,0,0,1,0,0,0,0,0,5
749,740,33,M,other,0,0,0,0,0,0,0,1,0,0,0,0,0,1,0,0,0,0,0,3
660,742,26,M,student,0,0,0,0,0,0,0,1,0,0,0,0,0,0,0,1,0,0,0,2
611,288,46,M,librarian,0,0,0,0,0,0,0,0,0,0,1,0,0,0,0,1,0,0,0,3
234,641,60,M,retired,0,0,0,0,0,0,0,1,0,0,0,0,0,0,0,0,1,0,0,4
751,382,24,F,other,0,0,0,0,1,0,0,1,0,0,0,0,0,0,0,0,0,0,0,3
932,489,58,M,educator,0,0,0,0,0,0,0,0,0,1,0,0,0,1,0,1,0,0,0,4
684,483,28,M,student,0,0,0,0,0,0,0,1,0,0,0,0,0,1,0,0,1,0,0,5
59,1074,49,M,educator,0,0,0,0,1,0,0,1,0,0,0,0,0,0,0,0,0,0,0,4
877,582,30,M,other,0,0,0,0,0,0,0,1,0,0,0,0,0,1,0,0,0,0,0,2
804,123,39,M,educator,0,0,0,0,1,0,0,0,0,0,1,0,0,0,0,0,0,0,0,4
551,209,25,M,programmer,0,0,0,0,1,0,0,1,0,0,0,1,0,0,0,0,0,0,0,5
313,232,41,M,marketing,1,0,0,0,1,0,0,0,0,0,0,0,0,0,0,0,0,1,0,3
883,89,49,M,librarian,0,0,0,0,0,0,0,0,0,1,0,0,0,0,1,0,0,0,0,5
942,172,48,F,librarian,1,1,0,0,0,0,0,1,0,0,0,0,0,1,1,0,1,0,0,5
886,1231,20,M,student,1,0,0,0,0,0,0,1,0,0,0,0,0,0,0,0,0,0,0,3
938,300,38,F,technician,1,0,0,0,0,0,0,0,0,0,0,0,0,0,0,1,0,0,0,3
287,64,21,M,salesman,0,0,0,0,0,0,0,1,0,0,0,0,0,0,0,0,0,0,0,5
712,417,22,F,student,0,0,0,1,0,0,0,1,0,0,0,0,0,0,0,0,0,0,0,4
207,597,39,M,marketing,1,0,0,0,0,0,0,0,0,0,0,0,0,0,0,1,0,0,0,3
669,482,37,M,other,0,0,0,0,1,1,0,0,0,0,0,0,0,0,0,0,0,0,0,4
795,588,30,M,programmer,0,0,1,1,0,0,0,0,0,0,0,1,0,0,0,0,0,0,0,5
389,1121,44,F,writer,0,0,0,0,0,0,0,1,0,0,0,1,0,0,0,0,0,0,0,4
805,806,27,F,other,1,0,0,0,0,1,0,1,0,0,0,0,0,0,0,0,0,0,0,4
406,513,52,M,educator,0,0,0,0,0,0,0,0,0,0,0,0,1,0,0,1,0,0,0,5
151,427,38,F,administrator,0,0,0,0,0,0,0,1,0,0,0,0,0,0,0,0,0,0,0,5
795,257,30,M,programmer,1,1,0,0,1,0,0,0,0,0,0,0,0,0,1,0,0,0,0,3
747,1134,19,M,other,0,0,0,0,0,0,0,1,0,0,0,0,0,0,0,0,0,0,0,5
201,1398,27,M,writer,0,0,0,0,0,0,0,1,0,0,0,0,0,0,0,0,0,0,0,4
342,1012,25,F,other,0,0,0,0,1,0,0,1,0,0,0,0,0,0,0,0,0,0,0,4
660,238,26,M,student,0,0,0,0,1,0,0,0,0,0,0,0,0,0,0,0,0,0,0,3
853,332,49,M,writer,0,0,0,0,0,1,0,1,0,0,0,0,0,0,0,1,0,0,0,3
883,770,49,M,librarian,0,0,0,0,0,1,0,0,0,1,0,0,1,0,0,1,0,0,0,4
215,54,35,M,programmer,1,0,0,0,0,0,0,1,0,0,0,0,0,0,0,1,0,0,0,4
553,528,58,M,educator,0,0,0,0,0,0,0,1,0,0,0,0,0,0,0,0,1,0,0,3
101,866,15,M,student,0,0,0,0,1,0,0,0,0,0,0,0,0,1,0,0,0,0,0,4
551,1253,25,M,programmer,0,0,0,0,0,0,0,0,0,0,0,0,0,0,0,1,0,0,0,2
303,993,19,M,student,0,1,1,1,1,0,0,0,0,0,0,1,0,0,0,0,0,0,0,2
303,514,19,M,student,0,0,0,0,1,0,0,0,0,0,0,0,0,1,0,0,0,0,0,5
811,307,40,F,educator,0,0,0,0,0,1,0,0,0,0,1,0,1,0,0,1,0,0,0,4
932,1050,58,M,educator,0,0,0,0,0,0,0,1,0,0,0,0,0,1,0,0,0,0,0,4
684,411,28,M,student,0,0,0,0,1,0,0,0,1,0,0,0,0,1,1,0,0,0,0,3
650,133,42,M,engineer,0,0,0,0,0,0,0,1,0,0,0,0,0,1,0,0,1,0,0,4
713,750,42,F,other,0,0,0,0,0,0,0,1,0,0,0,0,0,0,0,0,0,0,0,3
314,949,20,F,student,0,0,0,0,0,0,0,1,0,0,0,0,0,1,0,0,0,0,0,4
737,474,30,M,programmer,0,0,0,0,0,0,0,0,0,0,0,0,0,0,1,0,1,0,0,5
704,173,51,F,librarian,1,1,0,0,1,0,0,0,0,0,0,0,0,1,0,0,0,0,0,4
692,411,34,M,engineer,0,0,0,0,1,0,0,0,1,0,0,0,0,1,1,0,0,0,0,4
862,597,25,M,executive,1,0,0,0,0,0,0,0,0,0,0,0,0,0,0,1,0,0,0,3
159,591,23,F,student,0,0,0,0,0,0,0,1,0,0,0,0,0,0,0,1,0,0,0,4
758,91,27,M,student,0,0,0,1,1,0,0,0,0,0,0,1,0,0,0,0,0,0,0,4
731,482,41,F,educator,0,0,0,0,1,1,0,0,0,0,0,0,0,0,0,0,0,0,0,3
933,209,28,M,student,0,0,0,0,1,0,0,1,0,0,0,1,0,0,0,0,0,0,0,2
588,380,18,F,student,1,1,0,0,0,0,0,0,0,0,0,0,0,0,1,0,0,0,0,3
806,521,27,M,marketing,0,0,0,0,0,0,0,1,0,0,0,0,0,0,0,0,1,0,0,3
561,470,23,M,engineer,0,0,0,0,0,0,0,0,0,0,0,0,0,0,0,0,0,1,0,3
332,769,20,M,student,1,1,0,0,0,0,0,0,0,0,0,0,1,0,1,0,0,0,0,3
567,657,24,M,entertainment,0,0,0,0,0,0,0,0,0,1,0,0,0,0,0,1,0,0,0,5
889,71,24,M,technician,0,0,1,1,0,0,0,0,0,0,0,1,0,0,0,0,0,0,0,3
269,717,31,F,librarian,0,0,0,0,0,0,0,1,0,0,0,0,0,0,0,1,0,0,0,1
931,312,60,M,educator,0,0,0,0,1,1,0,1,0,0,0,0,1,0,0,0,0,0,0,4
894,471,47,M,educator,0,0,0,0,0,0,0,1,0,0,0,0,0,0,0,0,1,0,0,4
846,69,27,M,lawyer,0,0,0,0,1,0,0,0,0,0,0,0,0,1,0,0,1,0,0,5
622,1060,25,M,programmer,0,1,0,1,0,0,0,0,0,0,0,0,0,0,0,0,0,0,0,3
718,685,42,M,technician,1,0,0,0,0,0,0,0,0,0,0,0,0,0,0,1,0,0,0,4
805,195,27,F,other,1,0,0,0,0,0,0,0,0,0,0,0,0,0,1,1,0,0,0,3
474,423,51,M,executive,0,0,0,1,0,0,0,1,1,0,0,0,0,0,1,0,0,0,0,5
458,845,47,M,technician,0,0,0,0,1,0,0,0,0,0,0,0,0,0,0,0,0,0,0,3
472,421,24,M,student,0,0,0,0,0,0,0,1,0,0,0,0,0,1,0,0,0,0,0,5
97,173,43,M,artist,1,1,0,0,1,0,0,0,0,0,0,0,0,1,0,0,0,0,0,3
42,111,30,M,administrator,0,0,0,0,1,0,0,0,0,0,0,0,0,1,0,0,0,0,0,1
489,299,55,M,other,0,0,0,0,0,1,0,1,0,1,0,0,0,0,0,0,0,0,0,2
408,272,23,M,student,0,0,0,0,0,0,0,1,0,0,0,0,0,0,0,0,0,0,0,4
858,690,63,M,educator,0,0,0,0,0,0,0,1,0,0,0,0,0,0,0,0,1,0,0,3
436,925,30,F,administrator,0,0,0,0,0,0,0,0,0,0,0,0,0,0,1,1,0,0,0,4
838,128,23,M,student,1,0,0,0,0,0,0,0,0,0,0,0,0,0,0,1,0,0,0,4
889,150,24,M,technician,0,0,0,0,1,0,0,1,0,0,0,0,0,0,0,0,0,0,0,5
435,472,24,M,engineer,1,1,0,0,0,0,0,0,1,0,0,0,0,0,0,0,0,0,0,2
894,275,47,M,educator,0,0,0,0,0,0,0,1,0,0,0,0,0,1,0,0,0,0,0,4
494,181,38,F,administrator,1,1,0,0,0,0,0,0,0,0,0,0,0,1,1,0,1,0,0,4
703,123,26,M,educator,0,0,0,0,1,0,0,0,0,0,1,0,0,0,0,0,0,0,0,4
435,501,24,M,engineer,0,0,1,1,0,0,0,0,0,0,0,1,0,0,0,0,0,0,0,3
334,761,32,M,librarian,1,0,0,0,0,0,0,0,0,0,0,0,0,0,0,1,0,0,0,2
326,520,41,M,administrator,0,1,0,0,0,0,0,0,0,0,0,0,0,0,0,0,1,0,0,5
805,568,27,F,other,1,0,0,0,0,0,0,0,0,0,0,0,0,1,0,1,0,0,0,3
26,751,49,M,engineer,1,0,0,0,0,0,0,0,0,0,0,0,0,1,0,1,0,0,0,4
896,497,28,M,writer,0,0,0,0,1,0,0,0,0,0,0,0,0,0,0,0,0,0,0,3
532,549,20,M,student,0,0,0,0,0,0,0,1,0,0,0,0,0,1,0,0,1,0,0,5
379,94,44,M,programmer,0,0,0,1,1,0,0,0,0,0,0,0,0,0,0,0,0,0,0,5
314,756,20,F,student,0,0,0,0,1,0,0,0,0,0,0,0,0,0,0,0,0,0,0,3
926,300,49,M,entertainment,1,0,0,0,0,0,0,0,0,0,0,0,0,0,0,1,0,0,0,3
889,734,24,M,technician,0,0,0,0,1,0,0,0,0,0,0,0,0,0,0,0,0,0,0,3
577,768,36,F,student,0,1,0,1,0,0,0,0,0,0,0,0,0,0,0,0,0,0,0,3
557,246,30,F,writer,0,0,0,0,0,0,0,1,0,0,0,0,0,1,0,0,0,0,0,5
737,11,30,M,programmer,0,0,0,0,0,1,0,0,0,0,0,0,0,0,0,1,0,0,0,3
481,663,73,M,retired,0,0,0,0,1,0,0,0,0,0,0,0,0,0,0,0,0,0,0,4
823,69,27,M,artist,0,0,0,0,1,0,0,0,0,0,0,0,0,1,0,0,1,0,0,5
504,364,40,F,writer,0,0,0,0,1,0,0,0,0,0,0,0,0,0,0,0,0,0,0,2
44,328,26,M,technician,1,0,0,0,0,0,0,0,0,0,0,0,1,1,0,1,0,0,0,4
716,432,36,F,administrator,0,0,1,1,0,0,0,0,0,0,0,1,0,0,0,0,0,0,0,5
601,325,19,F,artist,0,0,0,0,0,0,0,1,0,0,0,0,0,0,0,1,0,0,0,4
496,559,21,F,student,0,0,0,0,0,0,0,1,0,0,1,0,0,0,0,0,0,0,0,5
14,654,45,M,scientist,0,0,0,0,0,0,0,0,0,1,0,0,1,0,0,1,0,0,0,4
870,79,22,M,student,1,0,0,0,0,0,0,0,0,0,0,0,0,0,0,1,0,0,0,4
200,470,40,M,programmer,0,0,0,0,0,0,0,0,0,0,0,0,0,0,0,0,0,1,0,4
721,991,24,F,entertainment,0,0,0,0,0,1,0,0,0,0,0,0,0,0,0,0,0,0,0,3
659,479,31,M,educator,0,0,0,0,0,0,0,0,0,0,0,0,1,0,0,1,0,0,0,5
176,340,28,M,scientist,0,0,0,0,0,0,0,1,0,0,0,0,0,0,0,0,0,0,0,5
553,81,58,M,educator,0,0,0,0,1,0,0,0,0,0,0,0,0,1,0,0,0,0,0,3
893,411,25,M,student,0,0,0,0,1,0,0,0,1,0,0,0,0,1,1,0,0,0,0,3
731,66,41,F,educator,0,0,0,0,1,0,0,0,0,0,0,0,0,1,0,0,0,0,0,4
573,179,68,M,retired,0,0,0,0,0,0,0,0,0,0,0,0,0,0,1,0,0,0,0,4
738,659,35,M,technician,0,0,0,0,1,0,0,0,0,0,0,0,1,0,0,1,0,0,0,4
402,228,30,M,engineer,1,1,0,0,0,0,0,0,0,0,0,0,0,0,1,0,0,0,0,3
664,53,30,M,engineer,1,0,0,0,0,0,0,0,0,0,0,0,0,0,0,1,0,0,0,3
716,208,36,F,administrator,0,0,0,0,1,0,0,0,0,0,1,0,0,0,0,0,0,0,0,5
877,203,30,M,other,0,0,0,0,0,0,0,0,0,0,0,0,0,0,0,0,0,1,0,4
821,56,37,M,engineer,0,0,0,0,0,1,0,1,0,0,0,0,0,0,0,0,0,0,0,5
833,177,34,M,writer,1,0,0,0,0,0,0,0,0,0,0,0,0,0,0,0,0,1,0,5
883,86,49,M,librarian,0,0,0,0,0,0,0,1,0,0,0,0,0,0,0,0,0,0,0,3
288,199,34,M,marketing,0,0,0,0,0,0,0,1,0,0,0,0,0,0,0,0,1,0,0,4
909,682,50,F,educator,0,0,0,0,0,0,0,0,0,0,1,0,1,0,0,1,0,0,0,3
721,678,24,F,entertainment,0,0,0,0,0,0,0,1,0,0,0,0,0,0,0,1,0,0,0,3
882,684,35,M,engineer,1,0,0,0,0,0,0,0,0,0,0,0,0,0,0,1,0,0,0,3
721,423,24,F,entertainment,0,0,0,1,0,0,0,1,1,0,0,0,0,0,1,0,0,0,0,5
902,294,45,F,artist,0,0,0,0,1,0,0,0,0,0,0,0,0,0,0,0,0,0,0,2
891,25,51,F,administrator,0,0,0,0,1,0,0,0,0,0,0,0,0,0,0,0,0,0,0,5
835,294,44,F,executive,0,0,0,0,1,0,0,0,0,0,0,0,0,0,0,0,0,0,0,3
670,603,30,M,technician,0,0,0,0,0,0,0,0,0,0,0,0,1,0,0,1,0,0,0,5
453,120,18,M,student,0,0,0,0,1,1,0,0,0,0,0,0,0,0,0,0,0,0,0,1
878,517,50,F,educator,0,0,0,0,1,0,0,1,0,0,0,0,0,1,0,0,0,0,0,4
918,638,40,M,scientist,0,0,0,0,0,0,0,1,0,0,0,0,0,0,0,0,0,0,0,4
8,510,36,M,administrator,1,0,0,0,0,0,0,1,0,0,0,0,0,0,0,0,0,1,0,4
224,991,31,F,educator,0,0,0,0,0,1,0,0,0,0,0,0,0,0,0,0,0,0,0,1
379,181,44,M,programmer,1,1,0,0,0,0,0,0,0,0,0,0,0,1,1,0,1,0,0,4
567,527,24,M,entertainment,0,0,0,0,0,0,0,1,0,0,0,0,0,0,0,0,0,0,0,3
876,276,41,M,other,0,0,0,0,0,0,0,1,0,0,0,0,0,1,0,0,0,0,0,4
932,428,58,M,educator,0,0,0,0,1,0,0,0,0,0,0,0,0,0,0,0,0,0,0,4
653,581,31,M,executive,0,0,0,0,0,0,0,1,0,0,0,0,0,0,0,1,0,0,0,1
301,69,24,M,student,0,0,0,0,1,0,0,0,0,0,0,0,0,1,0,0,1,0,0,5
798,1469,40,F,writer,0,1,0,1,0,0,0,0,0,0,0,0,0,0,0,0,0,0,0,3
573,286,68,M,retired,0,0,0,0,0,0,0,1,0,0,0,0,0,1,0,0,1,0,0,3
711,736,22,F,student,0,0,0,0,0,0,0,1,0,0,0,0,0,1,0,0,0,0,0,5
409,538,48,M,administrator,0,0,1,1,0,0,0,0,0,0,0,1,0,0,0,0,0,0,0,3
496,721,21,F,student,0,0,0,0,1,0,0,0,0,0,0,0,0,0,0,0,0,0,0,5
56,225,25,M,librarian,0,0,0,1,1,0,0,0,0,0,0,0,0,0,0,0,0,0,0,2
679,50,20,F,student,1,1,0,0,0,0,0,0,0,0,0,0,0,1,1,0,1,0,0,5
862,173,25,M,executive,1,1,0,0,1,0,0,0,0,0,0,0,0,1,0,0,0,0,0,5
191,315,33,M,administrator,0,0,0,0,0,0,0,1,0,0,0,0,0,0,0,1,0,0,0,5
909,165,50,F,educator,0,0,0,0,0,0,0,1,0,0,0,0,0,0,0,0,0,0,0,5
314,1217,20,F,student,0,0,0,0,0,0,0,0,0,0,0,0,0,0,0,1,0,0,0,2
690,202,35,M,salesman,0,0,0,0,1,0,0,0,0,0,0,0,0,1,0,0,0,0,0,2
698,499,28,F,programmer,0,0,0,0,0,0,0,1,0,0,0,0,0,0,0,0,0,0,0,3
648,205,43,M,engineer,0,0,0,0,0,0,0,1,0,0,0,0,0,0,0,0,1,0,0,3
868,233,21,M,programmer,1,0,0,0,0,0,0,0,0,0,0,0,0,0,0,0,0,0,0,2
116,56,40,M,healthcare,0,0,0,0,0,1,0,1,0,0,0,0,0,0,0,0,0,0,0,5
889,327,24,M,technician,0,0,0,0,0,1,0,1,0,0,0,0,1,0,0,0,0,0,0,3
425,92,19,M,student,1,0,0,0,0,1,0,0,0,0,0,0,0,1,0,0,0,0,0,5
719,285,37,F,other,0,0,0,0,0,0,0,1,0,0,0,0,0,0,0,0,0,0,0,4
731,207,41,F,educator,1,0,0,0,0,0,0,1,0,0,0,0,0,1,0,0,0,0,0,4
524,708,56,M,educator,0,0,0,0,0,0,0,1,0,0,0,0,0,0,0,0,0,0,0,4
286,274,27,M,student,0,0,0,0,1,0,0,0,0,0,0,0,0,1,0,0,0,0,0,2
553,498,58,M,educator,1,1,0,0,0,0,0,0,0,0,0,0,0,1,0,0,1,0,0,4
913,302,27,M,student,0,0,0,0,0,1,0,0,0,1,0,0,1,0,0,1,0,0,0,4
429,596,27,M,student,0,0,1,1,0,0,0,0,0,0,0,1,0,0,0,0,0,0,0,3
90,1192,60,M,educator,0,0,0,0,0,0,0,1,0,0,0,0,0,0,0,0,0,0,0,5
291,223,19,M,student,0,0,0,0,0,0,0,1,0,0,0,0,0,0,0,1,0,0,0,5
479,137,30,M,educator,0,0,0,0,0,0,0,1,0,0,0,0,0,0,0,0,0,0,0,4
897,205,30,M,other,0,0,0,0,0,0,0,1,0,0,0,0,0,0,0,0,1,0,0,3
341,299,17,F,student,0,0,0,0,0,1,0,1,0,1,0,0,0,0,0,0,0,0,0,5
676,687,30,M,programmer,0,0,0,0,1,0,0,0,0,0,0,0,0,0,0,0,1,0,0,1
405,209,22,F,healthcare,0,0,0,0,1,0,0,1,0,0,0,1,0,0,0,0,0,0,0,3
345,38,28,F,librarian,0,0,0,0,0,0,0,0,0,0,0,0,0,0,1,1,0,0,0,2
637,246,30,M,other,0,0,0,0,0,0,0,1,0,0,0,0,0,1,0,0,0,0,0,2
295,461,31,M,educator,0,0,0,0,0,0,0,1,0,0,0,0,0,0,0,0,0,0,0,5
130,419,20,M,none,0,0,0,1,1,0,0,0,0,0,0,1,0,0,0,0,0,0,0,5
270,234,18,F,student,1,0,0,0,0,0,0,0,0,0,1,0,0,0,0,0,0,0,0,5
655,411,50,F,healthcare,0,0,0,0,1,0,0,0,1,0,0,0,0,1,1,0,0,0,0,3
514,24,27,M,programmer,1,1,0,0,0,1,0,0,0,0,0,0,0,0,0,0,0,0,0,3
726,323,25,F,administrator,1,0,0,0,0,0,0,0,0,0,0,0,0,0,0,1,0,0,0,3
487,720,22,M,engineer,1,1,0,0,0,0,0,1,0,0,0,0,0,1,0,0,0,0,0,4
721,660,24,F,entertainment,0,0,0,0,0,0,0,1,0,0,0,0,0,0,0,0,0,0,0,5
763,1101,27,M,scientist,0,0,0,0,0,0,0,1,0,0,0,0,1,0,0,0,0,0,0,3
432,827,22,M,entertainment,1,1,0,0,0,0,0,0,0,0,0,0,0,0,0,1,0,0,0,3
925,299,18,F,salesman,0,0,0,0,0,1,0,1,0,1,0,0,0,0,0,0,0,0,0,3
425,1416,19,M,student,1,0,0,0,0,0,0,0,0,0,0,0,0,0,1,0,0,0,0,3
748,234,28,M,administrator,1,0,0,0,0,0,0,0,0,0,1,0,0,0,0,0,0,0,0,4
914,692,44,F,other,0,0,0,0,1,0,0,1,0,0,0,0,0,1,0,0,0,0,0,3
416,302,20,F,student,0,0,0,0,0,1,0,0,0,1,0,0,1,0,0,1,0,0,0,5
712,588,22,F,student,0,0,1,1,0,0,0,0,0,0,0,1,0,0,0,0,0,0,0,4
918,213,40,M,scientist,0,0,0,0,0,0,0,1,0,0,0,0,0,1,0,0,0,0,0,5
291,27,19,M,student,1,0,0,0,0,0,0,0,0,0,0,0,0,0,0,0,0,0,0,3
285,183,25,M,programmer,1,0,0,0,0,0,0,0,0,0,1,0,0,0,1,1,0,0,0,4
751,558,24,F,other,0,0,0,0,0,0,0,1,1,0,0,0,0,0,0,1,0,0,0,3
387,175,33,M,entertainment,0,0,0,0,0,0,0,0,0,0,0,0,0,0,1,0,0,0,0,5
650,506,42,M,engineer,0,0,0,0,0,0,0,1,0,0,0,0,0,0,0,0,0,0,0,3
665,98,25,M,administrator,0,0,0,0,0,0,0,1,0,0,0,0,0,0,0,1,0,0,0,4
425,294,19,M,student,0,0,0,0,1,0,0,0,0,0,0,0,0,0,0,0,0,0,0,2
222,17,29,M,programmer,1,0,0,0,1,1,0,0,0,0,1,0,0,0,0,1,0,0,0,2
1,43,24,M,technician,0,0,0,0,0,0,0,1,0,0,0,0,0,0,0,1,0,0,0,4
716,185,36,F,administrator,0,0,0,0,0,0,0,0,0,0,1,0,0,1,0,1,0,0,0,5
828,275,28,M,librarian,0,0,0,0,0,0,0,1,0,0,0,0,0,1,0,0,0,0,0,3
405,856,22,F,healthcare,0,0,0,0,1,0,0,1,0,0,0,0,0,0,0,0,0,0,0,1
178,993,26,M,other,0,1,1,1,1,0,0,0,0,0,0,1,0,0,0,0,0,0,0,5
822,25,29,F,librarian,0,0,0,0,1,0,0,0,0,0,0,0,0,0,0,0,0,0,0,3
592,1022,18,M,student,0,0,0,0,0,0,1,0,0,0,0,0,0,0,0,0,0,0,0,5
535,86,45,F,educator,0,0,0,0,0,0,0,1,0,0,0,0,0,0,0,0,0,0,0,4
668,50,29,F,writer,1,1,0,0,0,0,0,0,0,0,0,0,0,1,1,0,1,0,0,5
666,194,44,M,administrator,0,0,0,0,1,1,0,0,0,0,0,0,0,0,0,0,0,0,0,3
943,127,22,M,student,1,0,0,0,0,1,0,1,0,0,0,0,0,0,0,0,0,0,0,5
865,294,25,M,artist,0,0,0,0,1,0,0,0,0,0,0,0,0,0,0,0,0,0,0,4
926,288,49,M,entertainment,0,0,0,0,0,0,0,0,0,0,1,0,0,0,0,1,0,0,0,3
121,12,54,M,librarian,0,0,0,0,0,1,0,0,0,0,0,0,0,0,0,1,0,0,0,5
707,882,56,F,librarian,0,0,0,0,0,0,0,1,0,0,0,0,0,0,0,0,0,0,0,4
896,411,28,M,writer,0,0,0,0,1,0,0,0,1,0,0,0,0,1,1,0,0,0,0,2
799,174,49,F,administrator,1,1,0,0,0,0,0,0,0,0,0,0,0,0,0,0,0,0,0,5
851,125,18,M,other,0,0,0,0,0,0,0,1,0,0,0,0,0,1,0,0,0,0,0,4
503,223,50,F,writer,0,0,0,0,0,0,0,1,0,0,0,0,0,0,0,1,0,0,0,5
625,751,27,M,programmer,1,0,0,0,0,0,0,0,0,0,0,0,0,1,0,1,0,0,0,4
880,435,13,M,student,1,0,0,0,1,0,0,0,0,0,0,0,0,0,0,0,0,1,0,4
880,1013,13,M,student,1,1,0,0,0,0,0,0,0,0,0,0,0,0,0,1,0,0,0,3
697,815,25,M,other,0,0,0,0,0,0,0,1,0,0,0,0,0,1,0,0,0,0,0,3
334,187,32,M,librarian,1,0,0,0,0,1,0,1,0,0,0,0,0,0,0,0,0,0,0,4
843,185,35,M,librarian,0,0,0,0,0,0,0,0,0,0,1,0,0,1,0,1,0,0,0,3
870,186,22,M,student,1,0,0,0,1,0,0,0,0,0,0,1,0,0,0,0,0,0,0,4
567,178,24,M,entertainment,0,0,0,0,0,0,0,1,0,0,0,0,0,0,0,0,0,0,0,4
41,194,33,M,engineer,0,0,0,0,1,1,0,0,0,0,0,0,0,0,0,0,0,0,0,3
666,7,44,M,administrator,0,0,0,0,0,0,0,1,0,0,0,0,0,0,1,0,0,0,0,4
231,866,48,M,librarian,0,0,0,0,1,0,0,0,0,0,0,0,0,1,0,0,0,0,0,3
643,197,39,M,scientist,0,0,0,0,0,0,0,1,0,0,0,0,0,1,0,0,0,0,0,4
586,288,20,M,student,0,0,0,0,0,0,0,0,0,0,1,0,0,0,0,1,0,0,0,4
862,462,25,M,executive,0,0,0,0,0,0,0,1,0,0,0,0,0,1,0,0,0,0,0,4
918,606,40,M,scientist,0,0,0,0,0,0,0,1,0,0,0,0,0,0,0,0,0,0,0,4
155,306,32,F,other,0,0,0,0,0,0,0,1,0,0,0,0,0,1,0,0,0,0,0,5
660,746,26,M,student,0,0,0,0,1,0,0,0,0,0,0,0,0,0,0,0,0,0,0,4
213,627,33,M,executive,0,0,0,0,0,0,0,1,0,0,0,0,0,0,0,0,0,0,0,4
291,785,19,M,student,0,0,0,0,1,0,0,0,0,0,0,0,0,1,0,0,0,0,0,4
696,1126,55,M,other,0,1,0,0,0,0,0,1,0,0,0,0,0,0,0,0,0,0,0,3
708,546,26,F,homemaker,1,0,0,0,0,0,0,0,0,0,0,0,0,0,0,1,0,0,0,3
866,887,45,M,other,0,0,0,0,0,0,0,1,0,0,0,0,0,0,0,0,0,0,0,3
298,9,44,M,executive,0,0,0,0,0,0,0,1,0,0,0,0,0,0,0,0,0,0,0,4
474,487,51,M,executive,0,0,0,0,1,0,0,0,0,0,0,0,0,1,0,0,0,0,0,4
286,123,27,M,student,0,0,0,0,1,0,0,0,0,0,1,0,0,0,0,0,0,0,0,5
902,480,45,F,artist,0,0,0,0,1,0,0,0,0,0,0,0,0,0,0,1,0,0,0,5
653,167,31,M,executive,0,0,0,0,1,0,0,0,0,0,0,0,0,0,0,0,0,0,0,2
263,434,41,M,programmer,0,0,0,0,0,0,0,0,0,0,0,0,0,0,1,0,0,0,0,4
788,1112,51,M,administrator,0,0,0,0,0,0,0,1,0,0,0,0,0,0,0,0,0,0,0,3
854,49,29,F,student,0,0,0,0,1,0,0,0,0,0,0,0,0,1,0,0,0,0,0,4
773,154,20,M,student,0,0,0,0,1,0,0,0,0,0,0,0,0,0,0,0,0,0,0,5
891,1028,51,F,administrator,0,0,0,0,1,0,0,0,0,0,0,0,0,1,0,0,0,0,0,3
889,271,24,M,technician,1,1,0,0,0,0,0,0,0,0,0,0,0,0,1,0,1,0,0,3
229,316,29,F,librarian,0,0,0,0,1,0,0,1,0,0,0,0,0,0,0,0,0,0,0,1
715,222,21,M,technician,1,1,0,0,0,0,0,0,0,0,0,0,0,0,1,0,0,0,0,3
710,135,19,M,student,0,0,0,0,0,0,0,1,0,0,0,0,1,0,1,1,0,0,0,5
325,176,48,M,technician,1,0,0,0,0,0,0,0,0,0,0,0,0,0,1,1,1,0,0,3
802,299,35,M,administrator,0,0,0,0,0,1,0,1,0,1,0,0,0,0,0,0,0,0,0,4
379,1075,44,M,programmer,0,0,0,0,0,0,0,1,0,0,0,0,0,0,0,0,0,0,0,3
918,16,40,M,scientist,0,0,0,0,1,0,0,0,0,0,0,0,0,1,0,0,0,0,0,4
269,65,31,F,librarian,0,0,0,0,1,0,0,1,0,0,0,0,0,0,0,0,0,0,0,4
497,394,20,M,student,0,0,0,0,1,0,0,0,0,0,0,0,1,1,0,0,0,0,0,3
933,80,28,M,student,1,0,0,0,1,0,0,0,0,0,0,0,0,0,0,0,1,0,0,2
405,241,22,F,healthcare,1,0,0,0,0,0,0,0,0,0,0,0,0,1,0,0,1,0,0,1
627,665,24,M,engineer,1,0,0,0,0,0,0,0,0,0,1,0,0,0,1,1,0,0,0,3
698,257,28,F,programmer,1,1,0,0,1,0,0,0,0,0,0,0,0,0,1,0,0,0,0,3
878,99,50,F,educator,0,0,1,1,0,0,0,0,0,0,0,1,0,0,0,0,0,0,0,4
452,481,35,M,administrator,0,0,0,0,1,0,0,1,0,0,0,0,0,0,0,0,0,0,0,5
634,109,39,M,engineer,0,0,0,0,1,0,0,0,0,0,0,0,0,0,1,0,0,0,0,4
718,750,42,M,technician,0,0,0,0,0,0,0,1,0,0,0,0,0,0,0,0,0,0,0,3
927,125,23,M,programmer,0,0,0,0,0,0,0,1,0,0,0,0,0,1,0,0,0,0,0,4
433,457,27,M,artist,0,1,0,1,0,0,0,1,0,0,0,0,0,0,0,0,0,0,0,1
793,129,22,M,student,0,0,0,0,0,1,0,1,0,0,0,0,0,1,0,1,0,0,0,4
804,1210,39,M,educator,0,0,0,0,0,0,0,0,0,0,0,0,0,0,1,1,0,0,0,2
880,100,13,M,student,0,0,0,0,0,1,0,1,0,0,0,0,0,0,0,1,0,0,0,5
720,262,49,F,administrator,0,0,0,0,0,0,0,1,0,0,0,0,0,0,0,0,0,0,0,4
43,4,29,F,librarian,1,0,0,0,1,0,0,1,0,0,0,0,0,0,0,0,0,0,0,4
922,50,29,F,administrator,1,1,0,0,0,0,0,0,0,0,0,0,0,1,1,0,1,0,0,5
937,224,48,M,educator,0,0,0,0,0,0,0,1,0,0,0,0,0,0,0,0,0,0,0,4
569,325,34,M,educator,0,0,0,0,0,0,0,1,0,0,0,0,0,0,0,1,0,0,0,1
703,300,26,M,educator,1,0,0,0,0,0,0,0,0,0,0,0,0,0,0,1,0,0,0,4
496,651,21,F,student,1,0,0,0,0,0,0,1,0,0,0,0,0,0,0,0,1,0,0,2
805,719,27,F,other,0,0,0,0,1,0,0,0,0,0,0,0,0,0,0,0,1,0,0,4
776,479,30,M,librarian,0,0,0,0,0,0,0,0,0,0,0,0,1,0,0,1,0,0,0,4
303,997,19,M,student,0,0,0,0,1,0,0,0,0,0,0,0,0,0,0,0,0,0,0,2
716,399,36,F,administrator,1,1,0,0,1,0,0,0,0,0,0,0,0,0,0,0,0,0,0,3
188,455,42,M,student,1,0,0,0,0,0,0,0,0,0,0,0,0,0,0,0,0,0,0,4
892,588,36,M,other,0,0,1,1,0,0,0,0,0,0,0,1,0,0,0,0,0,0,0,5
308,546,60,M,retired,1,0,0,0,0,0,0,0,0,0,0,0,0,0,0,1,0,0,0,3
724,893,31,M,executive,0,0,0,0,1,0,0,0,0,0,0,0,0,0,0,0,0,0,0,3
751,111,24,F,other,0,0,0,0,1,0,0,0,0,0,0,0,0,1,0,0,0,0,0,3
459,455,22,M,student,1,0,0,0,0,0,0,0,0,0,0,0,0,0,0,0,0,0,0,2
722,628,50,F,homemaker,0,0,0,0,0,1,0,1,0,0,0,0,0,0,0,0,0,0,0,4
864,191,27,M,programmer,0,0,0,0,0,0,0,1,0,0,0,0,1,0,0,0,0,0,0,4
533,215,43,M,librarian,0,0,0,0,0,0,0,1,0,0,0,0,0,0,0,0,0,0,0,4
484,22,27,M,student,1,0,0,0,0,0,0,1,0,0,0,0,0,0,0,0,1,0,0,5
810,269,55,F,other,0,0,0,0,1,0,0,0,0,0,0,0,0,0,0,0,0,0,0,5
557,176,30,F,writer,1,0,0,0,0,0,0,0,0,0,0,0,0,0,1,1,1,0,0,4
720,310,49,F,administrator,0,0,0,0,0,0,0,1,0,0,0,0,0,0,0,0,0,0,0,4
524,796,56,M,educator,0,0,0,0,1,0,0,0,0,0,0,0,0,1,0,0,0,0,0,3
740,302,25,F,educator,0,0,0,0,0,1,0,0,0,1,0,0,1,0,0,1,0,0,0,5
736,127,48,F,writer,1,0,0,0,0,1,0,1,0,0,0,0,0,0,0,0,0,0,0,4
719,88,37,F,other,0,0,0,0,1,0,0,0,0,0,0,0,0,1,0,0,0,0,0,3
641,134,24,M,student,0,0,0,0,0,0,0,1,0,0,0,0,0,0,0,0,0,0,0,5
691,500,34,M,educator,0,1,0,1,0,0,0,0,0,0,0,0,0,0,0,0,0,0,0,3
210,302,39,M,engineer,0,0,0,0,0,1,0,0,0,1,0,0,1,0,0,1,0,0,0,5
927,739,23,M,programmer,0,0,0,0,1,0,0,0,0,0,0,0,0,1,0,0,0,0,0,3
687,313,31,F,healthcare,1,0,0,0,0,0,0,1,0,0,0,0,0,1,0,0,0,0,0,5
938,873,38,F,technician,0,0,0,0,1,0,0,0,0,0,0,0,0,1,0,0,0,0,0,3
601,168,19,F,artist,0,0,0,0,1,0,0,0,0,0,0,0,0,0,0,0,0,0,0,5
870,949,22,M,student,0,0,0,0,0,0,0,1,0,0,0,0,0,1,0,0,0,0,0,3
77,156,30,M,technician,0,0,0,0,0,1,0,0,0,0,0,0,0,0,0,1,0,0,0,4
885,451,30,F,other,0,0,0,0,1,0,0,0,0,0,0,1,0,1,0,0,0,0,0,2
378,531,35,M,student,0,0,0,0,0,0,0,1,0,0,0,0,0,1,0,0,0,0,0,4
829,124,48,M,writer,0,0,0,0,0,0,0,1,0,0,0,0,1,0,0,0,0,0,0,4
749,357,33,M,other,0,0,0,0,0,0,0,1,0,0,0,0,0,0,0,0,0,0,0,4
655,863,50,F,healthcare,0,0,0,0,0,0,0,1,0,0,0,0,0,0,0,0,0,0,0,3
303,83,19,M,student,0,0,0,0,1,0,0,0,0,0,0,0,0,1,0,0,0,0,0,5
81,116,21,M,student,0,0,0,0,1,0,0,0,0,0,0,0,0,0,0,0,0,0,0,3
92,707,32,M,entertainment,0,0,0,0,0,0,0,1,0,0,0,0,0,0,0,0,0,0,0,4
421,98,38,F,programmer,0,0,0,0,0,0,0,1,0,0,0,0,0,0,0,1,0,0,0,5
426,143,55,M,educator,0,0,0,0,0,0,0,0,0,0,0,1,0,0,0,0,0,0,0,3
523,732,50,F,administrator,0,0,0,0,1,0,0,0,0,0,0,0,0,1,0,0,0,0,0,4
902,181,45,F,artist,1,1,0,0,0,0,0,0,0,0,0,0,0,1,1,0,1,0,0,3
325,616,48,M,technician,0,0,0,0,0,0,0,0,0,0,1,0,0,0,1,0,0,0,0,4
698,404,28,F,programmer,0,0,1,1,0,0,0,0,0,0,0,0,0,0,0,0,0,0,0,1
491,23,43,F,writer,0,0,0,0,0,0,0,1,0,0,0,0,0,0,0,1,0,0,0,2
62,167,27,F,administrator,0,0,0,0,1,0,0,0,0,0,0,0,0,0,0,0,0,0,0,2
587,289,26,M,other,0,0,0,0,0,0,0,1,0,0,0,1,0,0,0,0,0,0,0,3
268,713,24,M,engineer,0,0,0,0,0,0,0,1,0,0,0,0,0,0,0,0,0,0,0,4
758,488,27,M,student,0,0,0,0,0,0,0,0,0,1,0,0,0,0,0,0,0,0,0,3
301,117,24,M,student,1,1,0,0,0,0,0,0,0,0,0,0,0,0,0,1,0,0,0,5
474,609,51,M,executive,0,0,0,0,1,0,0,0,0,0,0,0,0,0,0,0,0,0,0,4
249,223,25,M,student,0,0,0,0,0,0,0,1,0,0,0,0,0,0,0,1,0,0,0,4
154,187,25,M,student,1,0,0,0,0,1,0,1,0,0,0,0,0,0,0,0,0,0,0,5
708,111,26,F,homemaker,0,0,0,0,1,0,0,0,0,0,0,0,0,1,0,0,0,0,0,4
709,209,21,M,other,0,0,0,0,1,0,0,1,0,0,0,1,0,0,0,0,0,0,0,3
363,12,20,M,student,0,0,0,0,0,1,0,0,0,0,0,0,0,0,0,1,0,0,0,5
620,243,18,F,writer,0,0,0,1,1,0,0,0,0,0,0,0,0,0,0,0,0,0,0,3
815,252,32,M,other,1,1,0,0,0,0,0,0,0,0,0,0,0,0,1,1,0,0,0,2
897,133,30,M,other,0,0,0,0,0,0,0,1,0,0,0,0,0,1,0,0,1,0,0,4
90,656,60,M,educator,0,0,0,0,0,1,0,0,0,1,0,0,0,0,0,1,0,0,0,5
941,181,20,M,student,1,1,0,0,0,0,0,0,0,0,0,0,0,1,1,0,1,0,0,5
716,1016,36,F,administrator,1,1,0,0,0,0,0,0,0,0,0,0,0,0,0,1,0,0,0,3
806,168,27,M,marketing,0,0,0,0,1,0,0,0,0,0,0,0,0,0,0,0,0,0,0,4
54,823,22,M,executive,0,0,0,0,0,1,0,0,0,1,0,0,0,0,0,1,0,0,0,2
826,1222,28,M,artist,1,0,0,0,0,0,0,0,0,0,0,0,0,0,0,0,0,0,0,3
486,685,39,M,educator,1,0,0,0,0,0,0,0,0,0,0,0,0,0,0,1,0,0,0,3
889,546,24,M,technician,1,0,0,0,0,0,0,0,0,0,0,0,0,0,0,1,0,0,0,4
747,845,19,M,other,0,0,0,0,1,0,0,0,0,0,0,0,0,0,0,0,0,0,0,2
655,742,50,F,healthcare,0,0,0,0,0,0,0,1,0,0,0,0,0,0,0,1,0,0,0,3
932,175,58,M,educator,0,0,0,0,0,0,0,0,0,0,0,0,0,0,1,0,0,0,0,4
497,29,20,M,student,1,1,0,0,1,1,0,0,0,0,0,0,0,0,0,0,0,0,0,4
271,9,51,M,engineer,0,0,0,0,0,0,0,1,0,0,0,0,0,0,0,0,0,0,0,4
894,1381,47,M,educator,0,0,0,0,0,0,0,1,0,0,0,0,0,0,0,0,0,0,0,3
705,62,21,F,student,1,1,0,0,0,0,0,0,0,0,0,0,0,0,1,0,0,0,0,5
214,253,26,F,librarian,0,0,0,0,0,0,0,1,0,0,0,0,0,1,0,0,0,0,0,5
843,53,35,M,librarian,1,0,0,0,0,0,0,0,0,0,0,0,0,0,0,1,0,0,0,2
847,99,29,M,student,0,0,1,1,0,0,0,0,0,0,0,1,0,0,0,0,0,0,0,2
699,288,44,M,other,0,0,0,0,0,0,0,0,0,0,1,0,0,0,0,1,0,0,0,3
885,278,30,F,other,0,0,0,0,0,0,0,1,0,0,0,0,0,1,0,0,0,0,0,3
764,1,27,F,educator,0,0,1,1,1,0,0,0,0,0,0,0,0,0,0,0,0,0,0,4
239,633,39,M,artist,0,0,0,0,0,0,0,1,0,0,0,0,0,0,0,0,0,0,0,5
889,95,24,M,technician,0,0,1,1,1,0,0,0,0,0,0,1,0,0,0,0,0,0,0,4
416,742,20,F,student,0,0,0,0,0,0,0,1,0,0,0,0,0,0,0,1,0,0,0,4
169,199,52,F,other,0,0,0,0,0,0,0,1,0,0,0,0,0,0,0,0,1,0,0,4
749,99,33,M,other,0,0,1,1,0,0,0,0,0,0,0,1,0,0,0,0,0,0,0,5
716,216,36,F,administrator,0,0,0,0,1,0,0,0,0,0,0,0,0,1,0,0,0,0,0,5
268,273,24,M,engineer,1,0,0,0,0,1,0,0,0,0,0,0,0,0,0,1,0,0,0,3
128,186,24,F,marketing,1,0,0,0,1,0,0,0,0,0,0,1,0,0,0,0,0,0,0,5
831,1012,21,M,other,0,0,0,0,1,0,0,1,0,0,0,0,0,0,0,0,0,0,0,4
648,121,43,M,engineer,1,0,0,0,0,0,0,0,0,0,0,0,0,0,1,0,1,0,0,5
597,688,23,M,other,0,0,0,0,1,0,0,0,0,0,0,0,0,0,0,0,0,0,0,4
902,304,45,F,artist,0,1,0,1,0,0,0,0,0,0,0,0,0,0,0,0,0,0,0,3
268,210,24,M,engineer,1,1,0,0,0,0,0,0,0,0,0,0,0,0,0,0,0,0,0,3
359,930,22,M,student,1,1,0,0,0,0,0,0,0,0,0,0,0,0,0,1,0,0,0,4
890,230,32,M,student,1,1,0,0,0,0,0,0,0,0,0,0,0,0,1,0,0,0,0,3
828,271,28,M,librarian,1,1,0,0,0,0,0,0,0,0,0,0,0,0,1,0,1,0,0,2
899,283,32,M,other,0,0,0,0,0,0,0,1,0,0,0,0,0,1,0,0,0,0,0,4
130,404,20,M,none,0,0,1,1,0,0,0,0,0,0,0,0,0,0,0,0,0,0,0,5
846,1004,27,M,lawyer,0,0,0,0,0,0,0,1,0,0,0,0,0,0,0,0,0,1,0,3
790,763,27,M,technician,0,0,0,0,1,0,0,0,0,0,0,0,0,0,0,0,0,0,0,3
276,902,21,M,student,0,0,0,0,1,1,0,0,0,0,0,0,1,0,0,1,0,0,0,4
379,185,44,M,programmer,0,0,0,0,0,0,0,0,0,0,1,0,0,1,0,1,0,0,0,5
677,742,20,M,other,0,0,0,0,0,0,0,1,0,0,0,0,0,0,0,1,0,0,0,4
748,132,28,M,administrator,0,1,0,1,0,0,0,1,0,0,0,1,0,0,0,0,0,0,0,3
747,69,19,M,other,0,0,0,0,1,0,0,0,0,0,0,0,0,1,0,0,1,0,0,5
933,475,28,M,student,0,0,0,0,0,0,0,1,0,0,0,0,0,0,0,0,0,0,0,2
893,172,25,M,student,1,1,0,0,0,0,0,1,0,0,0,0,0,1,1,0,1,0,0,5
290,385,40,M,engineer,1,1,0,0,1,0,0,0,0,0,0,0,0,1,0,0,0,0,0,4
883,902,49,M,librarian,0,0,0,0,1,1,0,0,0,0,0,0,1,0,0,1,0,0,0,4
422,859,26,M,entertainment,0,0,0,0,1,0,0,0,0,0,1,0,0,0,0,0,0,0,0,3
870,527,22,M,student,0,0,0,0,0,0,0,1,0,0,0,0,0,0,0,0,0,0,0,5
758,1023,27,M,student,0,0,0,0,1,0,0,0,0,0,0,0,0,0,0,0,0,0,0,4
747,12,19,M,other,0,0,0,0,0,1,0,0,0,0,0,0,0,0,0,1,0,0,0,4
835,423,44,F,executive,0,0,0,1,0,0,0,1,1,0,0,0,0,0,1,0,0,0,0,4
830,210,46,M,programmer,1,1,0,0,0,0,0,0,0,0,0,0,0,0,0,0,0,0,0,5
87,222,47,M,administrator,1,1,0,0,0,0,0,0,0,0,0,0,0,0,1,0,0,0,0,4
871,345,31,M,executive,0,0,0,0,1,0,0,1,0,0,0,0,0,0,0,0,0,0,0,3
497,367,20,M,student,0,0,0,0,1,0,0,0,0,0,0,0,0,0,0,0,0,0,0,4
659,159,31,M,educator,0,0,0,0,0,0,0,0,0,0,0,0,1,0,0,1,0,0,0,4
622,98,25,M,programmer,0,0,0,0,0,0,0,1,0,0,0,0,0,0,0,1,0,0,0,5
524,203,56,M,educator,0,0,0,0,0,0,0,0,0,0,0,0,0,0,0,0,0,1,0,4
517,25,24,M,student,0,0,0,0,1,0,0,0,0,0,0,0,0,0,0,0,0,0,0,2
880,111,13,M,student,0,0,0,0,1,0,0,0,0,0,0,0,0,1,0,0,0,0,0,4
561,79,23,M,engineer,1,0,0,0,0,0,0,0,0,0,0,0,0,0,0,1,0,0,0,3
865,432,25,M,artist,0,0,1,1,0,0,0,0,0,0,0,1,0,0,0,0,0,0,0,1
671,455,21,M,programmer,1,0,0,0,0,0,0,0,0,0,0,0,0,0,0,0,0,0,0,4
533,936,43,M,librarian,0,0,0,0,1,0,0,1,0,0,0,0,0,1,0,0,0,0,0,4
655,12,50,F,healthcare,0,0,0,0,0,1,0,0,0,0,0,0,0,0,0,1,0,0,0,3
699,619,44,M,other,0,0,0,0,0,0,0,1,0,0,0,0,0,0,0,1,0,0,0,2
924,258,29,M,other,0,0,0,0,0,0,0,1,0,0,0,0,0,0,1,0,0,0,0,3
495,82,29,M,engineer,1,1,0,0,0,0,0,0,0,0,0,0,0,0,1,0,0,0,0,5
181,1296,26,M,executive,0,0,0,0,1,0,0,1,0,0,0,0,0,0,0,0,0,0,0,1
430,235,38,M,scientist,1,0,0,0,1,0,0,0,0,0,0,0,0,0,1,0,1,0,0,2
173,329,56,M,other,0,0,0,0,0,1,0,1,0,0,0,0,0,0,0,1,0,0,0,4
551,1044,25,M,programmer,0,0,0,0,1,0,0,1,0,0,0,0,0,0,0,0,0,0,0,3
8,222,36,M,administrator,1,1,0,0,0,0,0,0,0,0,0,0,0,0,1,0,0,0,0,5
936,547,24,M,other,0,0,0,0,0,1,0,0,0,0,0,0,0,0,0,0,0,0,0,5
8,431,36,M,administrator,1,1,0,0,0,0,0,0,0,0,0,0,0,0,0,0,0,0,0,2
891,459,51,F,administrator,0,0,0,0,0,0,0,1,0,0,0,0,0,0,0,0,0,0,0,5
906,10,45,M,librarian,0,0,0,0,0,0,0,1,0,0,0,0,0,0,0,0,1,0,0,4
363,737,20,M,student,0,0,0,0,1,0,0,1,0,0,0,0,0,0,0,0,0,0,0,1
711,354,22,F,student,0,0,0,0,1,0,0,0,0,0,0,0,0,1,0,0,0,0,0,3
894,900,47,M,educator,0,0,0,0,0,0,0,1,0,0,0,0,0,0,0,0,0,0,0,3
537,283,36,M,engineer,0,0,0,0,0,0,0,1,0,0,0,0,0,1,0,0,0,0,0,4
736,678,48,F,writer,0,0,0,0,0,0,0,1,0,0,0,0,0,0,0,1,0,0,0,1
883,229,49,M,librarian,1,1,0,0,0,0,0,0,0,0,0,0,0,0,1,0,0,0,0,4
407,184,29,M,engineer,1,1,0,0,1,0,0,0,0,0,1,0,0,0,1,0,0,0,0,4
943,1074,22,M,student,0,0,0,0,1,0,0,1,0,0,0,0,0,0,0,0,0,0,0,4
595,410,25,M,programmer,0,0,0,0,1,0,0,0,0,0,0,0,0,0,0,0,0,0,0,4
675,1628,34,M,other,0,0,0,0,0,0,0,1,0,0,0,0,0,0,0,0,0,0,0,5
5,367,33,F,other,0,0,0,0,1,0,0,0,0,0,0,0,0,0,0,0,0,0,0,3
519,879,22,M,other,1,0,0,0,0,0,0,0,0,0,0,0,0,0,0,1,1,0,0,5
655,127,50,F,healthcare,1,0,0,0,0,1,0,1,0,0,0,0,0,0,0,0,0,0,0,5
853,327,49,M,writer,0,0,0,0,0,1,0,1,0,0,0,0,1,0,0,0,0,0,0,3
666,216,44,M,administrator,0,0,0,0,1,0,0,0,0,0,0,0,0,1,0,0,0,0,0,3
806,181,27,M,marketing,1,1,0,0,0,0,0,0,0,0,0,0,0,1,1,0,1,0,0,2
624,321,19,M,student,0,0,0,0,1,0,0,0,0,0,0,0,0,0,0,0,0,0,0,4
666,143,44,M,administrator,0,0,0,0,0,0,0,0,0,0,0,1,0,0,0,0,0,0,0,2
806,210,27,M,marketing,1,1,0,0,0,0,0,0,0,0,0,0,0,0,0,0,0,0,0,5
499,143,42,M,programmer,0,0,0,0,0,0,0,0,0,0,0,1,0,0,0,0,0,0,0,3
749,164,33,M,other,1,1,0,0,0,0,0,0,0,0,0,0,0,0,1,1,0,0,0,3
753,185,56,M,salesman,0,0,0,0,0,0,0,0,0,0,1,0,0,1,0,1,0,0,0,3
324,339,21,F,student,1,0,0,0,0,0,0,1,0,0,0,0,0,0,0,0,0,0,0,3
734,603,25,F,other,0,0,0,0,0,0,0,0,0,0,0,0,1,0,0,1,0,0,0,4
725,333,21,M,student,0,0,0,0,0,0,0,0,0,0,0,0,1,0,0,1,0,0,0,5
798,1239,40,F,writer,1,1,0,0,0,0,0,0,0,0,0,0,0,1,0,0,0,0,0,4
805,1,27,F,other,0,0,1,1,1,0,0,0,0,0,0,0,0,0,0,0,0,0,0,4
535,645,45,F,educator,0,0,0,0,0,0,1,0,0,0,0,0,0,0,0,0,0,0,0,4
665,1,25,M,administrator,0,0,1,1,1,0,0,0,0,0,0,0,0,0,0,0,0,0,0,4
59,434,49,M,educator,0,0,0,0,0,0,0,0,0,0,0,0,0,0,1,0,0,0,0,4
429,147,27,M,student,1,0,0,0,0,0,0,0,0,0,0,0,0,0,0,1,0,0,0,2
843,443,35,M,librarian,0,0,0,0,0,0,0,0,0,0,1,0,0,0,0,0,0,0,0,4
854,274,29,F,student,0,0,0,0,1,0,0,0,0,0,0,0,0,1,0,0,0,0,0,3
463,19,48,F,healthcare,0,0,0,0,0,0,0,1,0,0,0,0,0,0,0,0,0,0,0,5
303,121,19,M,student,1,0,0,0,0,0,0,0,0,0,0,0,0,0,1,0,1,0,0,3
415,136,39,M,educator,0,0,0,0,0,0,0,1,0,0,0,0,0,0,0,0,0,0,0,5
724,259,31,M,executive,0,0,0,1,1,0,0,0,0,0,0,0,0,0,0,0,0,0,0,2
59,1093,49,M,educator,0,0,0,0,1,0,0,0,0,0,0,0,0,0,0,0,0,0,0,5
503,582,50,F,writer,0,0,0,0,0,0,0,1,0,0,0,0,0,1,0,0,0,0,0,5
644,250,51,M,retired,1,0,0,0,0,0,0,0,0,0,0,0,0,0,1,0,0,0,0,4
825,406,44,M,engineer,0,0,0,0,0,0,0,0,0,0,1,0,0,0,0,1,0,0,0,2
14,919,45,M,scientist,0,1,0,0,0,0,0,0,0,0,0,0,0,0,1,0,0,0,0,4
682,196,23,M,programmer,0,0,0,0,0,0,0,1,0,0,0,0,0,0,0,0,0,0,0,5
537,271,36,M,engineer,1,1,0,0,0,0,0,0,0,0,0,0,0,0,1,0,1,0,0,2
833,443,34,M,writer,0,0,0,0,0,0,0,0,0,0,1,0,0,0,0,0,0,0,0,3
160,458,27,M,programmer,0,0,0,0,0,0,0,1,0,0,0,0,0,0,0,0,0,0,0,5
653,1207,31,M,executive,0,0,0,0,0,0,0,0,0,0,0,0,0,0,0,1,0,0,0,1
479,357,30,M,educator,0,0,0,0,0,0,0,1,0,0,0,0,0,0,0,0,0,0,0,4
13,916,47,M,educator,1,0,0,0,0,0,0,0,0,0,0,0,0,0,1,1,0,0,0,4
542,12,21,M,student,0,0,0,0,0,1,0,0,0,0,0,0,0,0,0,1,0,0,0,4
924,705,29,M,other,0,0,0,0,0,0,0,0,0,0,0,1,0,1,0,0,0,0,0,5
729,300,19,M,student,1,0,0,0,0,0,0,0,0,0,0,0,0,0,0,1,0,0,0,4
478,195,29,M,other,1,0,0,0,0,0,0,0,0,0,0,0,0,0,1,1,0,0,0,4
868,408,21,M,programmer,0,0,1,0,1,0,0,0,0,0,0,0,0,0,0,1,0,0,0,5
297,144,29,F,educator,1,0,0,0,0,0,0,0,0,0,0,0,0,0,0,1,0,0,0,3
909,289,50,F,educator,0,0,0,0,0,0,0,1,0,0,0,1,0,0,0,0,0,0,0,3
804,168,39,M,educator,0,0,0,0,1,0,0,0,0,0,0,0,0,0,0,0,0,0,0,5
395,127,43,M,other,1,0,0,0,0,1,0,1,0,0,0,0,0,0,0,0,0,0,0,5
223,873,19,F,student,0,0,0,0,1,0,0,0,0,0,0,0,0,1,0,0,0,0,0,3
363,24,20,M,student,1,1,0,0,0,1,0,0,0,0,0,0,0,0,0,0,0,0,0,3
592,196,18,M,student,0,0,0,0,0,0,0,1,0,0,0,0,0,0,0,0,0,0,0,5
501,294,22,M,student,0,0,0,0,1,0,0,0,0,0,0,0,0,0,0,0,0,0,0,3
747,519,19,M,other,0,1,0,0,0,0,0,0,0,0,0,0,0,0,0,0,0,0,0,5
682,713,23,M,programmer,0,0,0,0,0,0,0,1,0,0,0,0,0,0,0,0,0,0,0,3
796,859,32,F,writer,0,0,0,0,1,0,0,0,0,0,1,0,0,0,0,0,0,0,0,2
412,939,25,M,educator,0,0,0,0,0,0,0,1,0,0,0,0,0,0,0,1,0,0,0,4
893,144,25,M,student,1,0,0,0,0,0,0,0,0,0,0,0,0,0,0,1,0,0,0,4
758,430,27,M,student,0,0,0,0,1,0,0,0,0,0,0,0,0,0,0,0,1,0,0,5
697,1047,25,M,other,0,0,0,0,1,0,0,0,0,0,0,0,0,0,0,0,0,0,0,3
778,281,34,M,student,1,0,0,0,0,0,0,0,0,0,0,0,0,0,0,1,0,0,0,2
690,56,35,M,salesman,0,0,0,0,0,1,0,1,0,0,0,0,0,0,0,0,0,0,0,4
345,238,28,F,librarian,0,0,0,0,1,0,0,0,0,0,0,0,0,0,0,0,0,0,0,5
666,963,44,M,administrator,0,0,0,0,0,0,0,1,0,0,0,0,0,0,0,1,0,0,0,3
683,269,42,M,librarian,0,0,0,0,1,0,0,0,0,0,0,0,0,0,0,0,0,0,0,3
674,289,13,F,student,0,0,0,0,0,0,0,1,0,0,0,1,0,0,0,0,0,0,0,2
891,285,51,F,administrator,0,0,0,0,0,0,0,1,0,0,0,0,0,0,0,0,0,0,0,5
639,526,42,F,librarian,1,1,0,0,0,0,0,1,0,0,0,0,0,0,0,0,0,0,0,4
796,307,32,F,writer,0,0,0,0,0,1,0,0,0,0,1,0,1,0,0,1,0,0,0,4
871,908,31,M,executive,0,0,0,0,1,0,0,0,0,0,0,0,0,0,0,0,0,0,0,3
896,993,28,M,writer,0,1,1,1,1,0,0,0,0,0,0,1,0,0,0,0,0,0,0,4
721,245,24,F,entertainment,1,0,0,0,0,0,0,1,0,0,0,0,0,0,0,1,1,0,0,3
916,295,27,M,engineer,1,0,0,0,0,0,0,0,0,0,0,0,0,0,0,1,0,0,0,2
301,658,24,M,student,0,0,0,0,0,0,0,1,0,0,0,0,0,0,0,0,0,0,0,3
409,923,48,M,administrator,0,0,0,0,0,0,0,1,0,0,0,0,0,0,0,0,0,0,0,5
702,748,37,M,other,1,0,0,0,0,0,0,0,0,0,0,0,0,1,0,1,0,0,0,2
889,470,24,M,technician,0,0,0,0,0,0,0,0,0,0,0,0,0,0,0,0,0,1,0,4
354,747,29,F,librarian,0,0,0,0,1,0,0,0,0,0,0,0,0,1,0,0,0,0,0,2
13,235,47,M,educator,1,0,0,0,1,0,0,0,0,0,0,0,0,0,1,0,1,0,0,2
797,687,44,F,other,0,0,0,0,1,0,0,0,0,0,0,0,0,0,0,0,1,0,0,2
664,83,30,M,engineer,0,0,0,0,1,0,0,0,0,0,0,0,0,1,0,0,0,0,0,4
632,609,18,M,student,0,0,0,0,1,0,0,0,0,0,0,0,0,0,0,0,0,0,0,3
348,237,24,F,student,0,0,0,0,0,0,0,1,0,0,0,0,0,1,0,0,0,0,0,4
295,546,31,M,educator,1,0,0,0,0,0,0,0,0,0,0,0,0,0,0,1,0,0,0,4
846,184,27,M,lawyer,1,1,0,0,1,0,0,0,0,0,1,0,0,0,1,0,0,0,0,5
653,156,31,M,executive,0,0,0,0,0,1,0,0,0,0,0,0,0,0,0,1,0,0,0,4
669,132,37,M,other,0,1,0,1,0,0,0,1,0,0,0,1,0,0,0,0,0,0,0,4
756,230,30,F,none,1,1,0,0,0,0,0,0,0,0,0,0,0,0,1,0,0,0,0,3
438,148,51,F,administrator,1,1,0,0,0,0,0,0,0,0,0,0,0,0,0,0,0,0,0,5
506,79,46,M,programmer,1,0,0,0,0,0,0,0,0,0,0,0,0,0,0,1,0,0,0,5
758,887,27,M,student,0,0,0,0,0,0,0,1,0,0,0,0,0,0,0,0,0,0,0,5
653,143,31,M,executive,0,0,0,0,0,0,0,0,0,0,0,1,0,0,0,0,0,0,0,3
894,535,47,M,educator,0,0,0,0,1,0,0,0,0,0,0,0,0,1,0,0,0,0,0,4
638,385,45,M,engineer,1,1,0,0,1,0,0,0,0,0,0,0,0,1,0,0,0,0,0,5
936,741,24,M,other,0,0,0,0,0,0,0,1,0,0,0,0,0,0,0,1,0,0,0,4
792,926,40,M,programmer,0,0,0,0,1,0,0,0,0,0,0,0,0,0,0,0,0,0,0,3
807,381,41,F,healthcare,0,0,0,0,1,0,0,0,0,0,0,0,0,1,0,0,0,0,0,2
630,121,26,F,healthcare,1,0,0,0,0,0,0,0,0,0,0,0,0,0,1,0,1,0,0,4
602,880,47,F,other,0,0,0,0,0,0,0,1,0,0,0,0,0,0,0,0,0,0,0,4
476,401,28,M,student,0,0,0,0,1,0,0,0,0,0,0,0,0,0,0,0,0,0,0,3
655,1426,50,F,healthcare,0,0,0,0,1,0,0,1,0,0,0,0,0,0,0,0,0,0,0,2
592,117,18,M,student,1,1,0,0,0,0,0,0,0,0,0,0,0,0,0,1,0,0,0,5
747,93,19,M,other,0,0,0,0,1,0,0,1,0,0,0,0,0,0,0,0,0,0,0,4
665,239,25,M,administrator,0,0,0,0,0,1,0,1,0,0,0,0,0,0,1,0,0,0,0,3
931,269,60,M,educator,0,0,0,0,1,0,0,0,0,0,0,0,0,0,0,0,0,0,0,3
540,333,28,M,engineer,0,0,0,0,0,0,0,0,0,0,0,0,1,0,0,1,0,0,0,4
727,405,25,M,student,1,1,0,0,0,0,0,0,0,0,0,0,1,0,0,0,0,0,0,3
663,235,26,M,other,1,0,0,0,1,0,0,0,0,0,0,0,0,0,1,0,1,0,0,2
702,258,37,M,other,0,0,0,0,0,0,0,1,0,0,0,0,0,0,1,0,0,0,0,5
528,258,18,M,student,0,0,0,0,0,0,0,1,0,0,0,0,0,0,1,0,0,0,0,4
921,274,20,F,student,0,0,0,0,1,0,0,0,0,0,0,0,0,1,0,0,0,0,0,4
893,246,25,M,student,0,0,0,0,0,0,0,1,0,0,0,0,0,1,0,0,0,0,0,3
896,640,28,M,writer,0,0,0,0,0,0,0,1,0,0,0,0,0,0,0,0,0,0,0,2
246,418,19,M,student,0,0,1,1,0,0,0,0,0,0,0,1,0,0,0,0,0,0,0,3
894,923,47,M,educator,0,0,0,0,0,0,0,1,0,0,0,0,0,0,0,0,0,0,0,5
645,47,27,M,programmer,0,0,0,0,1,0,0,1,0,0,0,0,0,0,0,0,0,0,0,4
620,138,18,F,writer,0,0,0,1,1,0,0,0,0,0,0,0,0,0,0,0,0,0,0,5
688,307,37,F,administrator,0,0,0,0,0,1,0,0,0,0,1,0,1,0,0,1,0,0,0,4
497,440,20,M,student,0,0,0,0,0,0,0,0,0,0,1,0,0,0,0,0,0,0,0,1
782,247,21,F,artist,1,1,0,1,0,0,0,0,0,0,0,0,0,0,0,0,0,0,0,1
58,1,27,M,programmer,0,0,1,1,1,0,0,0,0,0,0,0,0,0,0,0,0,0,0,5
543,660,33,M,scientist,0,0,0,0,0,0,0,1,0,0,0,0,0,0,0,0,0,0,0,3
389,524,44,F,writer,0,0,0,0,1,0,0,0,0,0,0,0,0,0,0,0,0,0,0,5
725,322,21,M,student,0,0,0,0,0,0,0,0,0,0,0,0,1,0,0,1,0,0,0,4
334,1020,32,M,librarian,0,0,0,0,0,0,0,0,0,0,0,0,1,0,0,1,0,0,0,4
833,262,34,M,writer,0,0,0,0,0,0,0,1,0,0,0,0,0,0,0,0,0,0,0,2
846,42,27,M,lawyer,0,0,0,0,1,0,0,0,0,0,0,0,0,0,0,0,0,0,0,5
129,300,36,F,marketing,1,0,0,0,0,0,0,0,0,0,0,0,0,0,0,1,0,0,0,3
221,12,19,M,student,0,0,0,0,0,1,0,0,0,0,0,0,0,0,0,1,0,0,0,5
805,748,27,F,other,1,0,0,0,0,0,0,0,0,0,0,0,0,1,0,1,0,0,0,2
308,273,60,M,retired,1,0,0,0,0,1,0,0,0,0,0,0,0,0,0,1,0,0,0,2
936,591,24,M,other,0,0,0,0,0,0,0,1,0,0,0,0,0,0,0,1,0,0,0,4
92,685,32,M,entertainment,1,0,0,0,0,0,0,0,0,0,0,0,0,0,0,1,0,0,0,3
561,473,23,M,engineer,0,0,1,1,0,0,0,0,0,0,0,1,0,0,0,0,0,0,0,3
419,28,37,M,lawyer,1,0,0,0,0,0,0,1,0,0,0,0,0,0,0,1,0,0,0,3
312,213,48,M,other,0,0,0,0,0,0,0,1,0,0,0,0,0,1,0,0,0,0,0,5
474,323,51,M,executive,1,0,0,0,0,0,0,0,0,0,0,0,0,0,0,1,0,0,0,2
847,261,29,M,student,0,0,0,1,1,0,0,0,0,0,0,0,0,0,0,0,0,0,0,1
648,449,43,M,engineer,1,1,0,0,0,0,0,0,0,0,0,0,0,0,1,0,0,0,0,3
560,264,32,M,student,0,0,0,0,0,0,0,0,0,0,0,0,0,0,1,1,0,0,0,3
385,1118,36,M,writer,0,0,0,0,1,0,0,0,0,0,0,0,0,0,0,0,0,0,0,3
638,523,45,M,engineer,0,0,0,0,1,0,0,1,0,0,0,0,0,0,0,0,0,0,0,4
568,519,39,M,educator,0,1,0,0,0,0,0,0,0,0,0,0,0,0,0,0,0,0,0,3
897,33,30,M,other,1,0,0,0,0,0,0,0,0,0,0,0,0,1,0,1,0,0,0,5
795,395,30,M,programmer,0,0,0,0,1,0,0,0,0,0,0,0,0,0,0,0,0,0,0,2
885,88,30,F,other,0,0,0,0,1,0,0,0,0,0,0,0,0,1,0,0,0,0,0,4
851,228,18,M,other,1,1,0,0,0,0,0,0,0,0,0,0,0,0,1,0,0,0,0,4
880,156,13,M,student,0,0,0,0,0,1,0,0,0,0,0,0,0,0,0,1,0,0,0,4
152,283,33,F,educator,0,0,0,0,0,0,0,1,0,0,0,0,0,1,0,0,0,0,0,4
458,433,47,M,technician,0,0,0,0,1,0,0,0,0,0,0,0,0,0,0,0,0,0,0,4
880,11,13,M,student,0,0,0,0,0,1,0,0,0,0,0,0,0,0,0,1,0,0,0,4
864,231,27,M,programmer,1,1,0,0,1,1,0,0,0,0,0,0,0,0,0,0,0,0,0,3
57,477,16,M,none,0,0,0,1,1,0,0,0,0,0,0,0,0,0,0,0,0,0,0,4
455,230,48,M,administrator,1,1,0,0,0,0,0,0,0,0,0,0,0,0,1,0,0,0,0,3
906,475,45,M,librarian,0,0,0,0,0,0,0,1,0,0,0,0,0,0,0,0,0,0,0,3
85,405,51,M,educator,1,1,0,0,0,0,0,0,0,0,0,0,1,0,0,0,0,0,0,2
682,290,23,M,programmer,0,0,0,0,1,0,0,0,0,0,0,0,0,0,0,0,0,0,0,1
328,983,51,M,administrator,0,0,0,0,0,0,0,0,0,0,0,0,0,0,0,1,0,0,0,3
894,1010,47,M,educator,0,0,0,0,0,0,0,1,0,0,0,0,0,0,0,0,0,0,0,4
922,257,29,F,administrator,1,1,0,0,1,0,0,0,0,0,0,0,0,0,1,0,0,0,0,4
694,836,60,M,programmer,0,0,0,0,1,0,0,0,0,0,0,0,0,1,0,0,0,0,0,4
48,1063,45,M,administrator,0,0,0,1,0,0,0,1,0,0,0,0,0,0,0,0,0,0,0,3
566,86,20,M,student,0,0,0,0,0,0,0,1,0,0,0,0,0,0,0,0,0,0,0,4
234,837,60,M,retired,0,0,0,0,0,0,0,1,0,0,0,0,0,0,0,0,0,0,0,3
756,235,30,F,none,1,0,0,0,1,0,0,0,0,0,0,0,0,0,1,0,1,0,0,3
733,1163,44,F,other,0,0,0,0,0,0,0,1,0,0,0,0,0,0,0,0,0,0,0,2
933,583,28,M,student,0,0,0,0,0,1,0,0,0,0,0,0,0,0,0,1,0,0,0,3
455,82,48,M,administrator,1,1,0,0,0,0,0,0,0,0,0,0,0,0,1,0,0,0,0,5
168,546,48,M,other,1,0,0,0,0,0,0,0,0,0,0,0,0,0,0,1,0,0,0,3
592,285,18,M,student,0,0,0,0,0,0,0,1,0,0,0,0,0,0,0,0,0,0,0,5
145,449,31,M,entertainment,1,1,0,0,0,0,0,0,0,0,0,0,0,0,1,0,0,0,0,3
500,582,28,M,administrator,0,0,0,0,0,0,0,1,0,0,0,0,0,1,0,0,0,0,0,4
454,463,57,M,other,0,1,0,0,0,0,0,0,0,0,0,0,0,0,0,0,0,0,0,2
130,123,20,M,none,0,0,0,0,1,0,0,0,0,0,1,0,0,0,0,0,0,0,0,4
618,121,15,F,student,1,0,0,0,0,0,0,0,0,0,0,0,0,0,1,0,1,0,0,4
894,111,47,M,educator,0,0,0,0,1,0,0,0,0,0,0,0,0,1,0,0,0,0,0,3
130,291,20,M,none,0,0,0,0,0,0,0,0,0,0,0,0,1,0,0,1,0,0,0,4
184,160,37,M,librarian,0,0,0,0,0,0,0,1,0,0,0,0,0,0,0,0,0,0,0,3
606,468,28,M,programmer,0,0,0,0,0,0,0,1,0,0,0,0,0,0,0,0,0,0,0,4
711,655,22,F,student,0,1,0,0,1,0,0,1,0,0,0,0,0,0,0,0,0,0,0,4
727,278,25,M,student,0,0,0,0,0,0,0,1,0,0,0,0,0,1,0,0,0,0,0,2
680,150,33,M,lawyer,0,0,0,0,1,0,0,1,0,0,0,0,0,0,0,0,0,0,0,5
627,187,24,M,engineer,1,0,0,0,0,1,0,1,0,0,0,0,0,0,0,0,0,0,0,5
934,1449,61,M,engineer,0,0,0,0,0,0,0,1,0,0,0,0,0,0,0,0,0,0,0,5
288,176,34,M,marketing,1,0,0,0,0,0,0,0,0,0,0,0,0,0,1,1,1,0,0,4
830,98,46,M,programmer,0,0,0,0,0,0,0,1,0,0,0,0,0,0,0,1,0,0,0,5
741,699,25,M,writer,0,0,0,0,0,0,0,1,0,0,0,0,0,0,0,0,0,0,0,4
896,1134,28,M,writer,0,0,0,0,0,0,0,1,0,0,0,0,0,0,0,0,0,0,0,3
913,432,27,M,student,0,0,1,1,0,0,0,0,0,0,0,1,0,0,0,0,0,0,0,3
450,776,35,F,educator,0,0,0,0,0,0,0,1,0,0,0,0,0,0,0,0,0,0,0,4
758,38,27,M,student,0,0,0,0,0,0,0,0,0,0,0,0,0,0,1,1,0,0,0,3
545,434,27,M,technician,0,0,0,0,0,0,0,0,0,0,0,0,0,0,1,0,0,0,0,3
159,873,23,F,student,0,0,0,0,1,0,0,0,0,0,0,0,0,1,0,0,0,0,0,2
586,184,20,M,student,1,1,0,0,1,0,0,0,0,0,1,0,0,0,1,0,0,0,0,2
747,525,19,M,other,0,0,0,0,0,0,0,0,0,1,0,0,1,0,0,0,0,0,0,5
774,196,30,M,student,0,0,0,0,0,0,0,1,0,0,0,0,0,0,0,0,0,0,0,3
922,471,29,F,administrator,0,0,0,0,0,0,0,1,0,0,0,0,0,0,0,0,1,0,0,3
235,170,37,M,educator,0,0,0,0,1,0,0,1,0,0,0,0,0,1,0,0,0,0,0,4
804,1411,39,M,educator,0,1,0,0,0,0,0,0,0,0,0,0,0,0,1,0,0,0,0,3
780,164,49,M,programmer,1,1,0,0,0,0,0,0,0,0,0,0,0,0,1,1,0,0,0,4
778,54,34,M,student,1,0,0,0,0,0,0,1,0,0,0,0,0,0,0,1,0,0,0,2
793,508,22,M,student,0,0,0,0,0,0,0,1,0,0,0,0,0,0,0,0,0,0,0,4
762,274,32,M,administrator,0,0,0,0,1,0,0,0,0,0,0,0,0,1,0,0,0,0,0,4
892,50,36,M,other,1,1,0,0,0,0,0,0,0,0,0,0,0,1,1,0,1,0,0,5
815,647,32,M,other,0,0,0,0,0,0,0,1,0,0,0,0,0,0,0,0,1,0,0,5
501,1014,22,M,student,0,0,0,0,1,0,0,0,0,0,0,0,0,0,0,0,0,0,0,4
145,628,31,M,entertainment,0,0,0,0,0,1,0,1,0,0,0,0,0,0,0,0,0,0,0,2
901,140,38,M,executive,0,1,0,1,0,0,0,0,0,0,0,0,0,0,0,0,0,0,0,4
741,174,25,M,writer,1,1,0,0,0,0,0,0,0,0,0,0,0,0,0,0,0,0,0,5
417,40,27,F,other,0,0,0,0,1,0,0,0,0,0,0,0,0,0,0,0,0,0,0,3
559,205,69,M,executive,0,0,0,0,0,0,0,1,0,0,0,0,0,0,0,0,1,0,0,5
838,286,23,M,student,0,0,0,0,0,0,0,1,0,0,0,0,0,1,0,0,1,0,0,4
119,449,32,M,programmer,1,1,0,0,0,0,0,0,0,0,0,0,0,0,1,0,0,0,0,5
613,576,37,F,marketing,1,1,0,0,0,1,0,0,0,0,0,0,0,0,0,0,0,0,0,3
537,513,36,M,engineer,0,0,0,0,0,0,0,0,0,0,0,0,1,0,0,1,0,0,0,4
900,288,60,M,retired,0,0,0,0,0,0,0,0,0,0,1,0,0,0,0,1,0,0,0,2
479,474,30,M,educator,0,0,0,0,0,0,0,0,0,0,0,0,0,0,1,0,1,0,0,5
545,944,27,M,technician,0,0,0,0,1,0,0,1,0,0,0,0,0,0,0,0,1,0,0,4
639,604,42,F,librarian,0,0,0,0,1,0,0,0,0,0,0,0,0,0,0,0,0,0,0,4
747,190,19,M,other,0,0,0,0,0,0,0,1,0,0,0,0,0,0,0,0,1,0,0,4
880,288,13,M,student,0,0,0,0,0,0,0,0,0,0,1,0,0,0,0,1,0,0,0,4
63,14,31,M,marketing,0,0,0,0,0,0,0,1,0,0,0,0,0,1,0,0,0,0,0,4
851,977,18,M,other,1,0,0,0,0,0,0,0,0,0,0,0,0,0,0,0,0,0,0,3
882,662,35,M,engineer,0,0,0,0,0,0,0,1,0,0,0,0,0,1,0,0,0,0,0,3
840,7,39,M,artist,0,0,0,0,0,0,0,1,0,0,0,0,0,0,1,0,0,0,0,4
906,7,45,M,librarian,0,0,0,0,0,0,0,1,0,0,0,0,0,0,1,0,0,0,0,3
864,67,27,M,programmer,0,0,0,0,1,0,0,0,0,0,0,0,0,0,0,0,0,0,0,4
587,1265,26,M,other,0,0,0,0,0,0,0,1,0,0,0,0,0,0,0,0,0,0,0,4
568,179,39,M,educator,0,0,0,0,0,0,0,0,0,0,0,0,0,0,1,0,0,0,0,2
885,151,30,F,other,0,1,0,1,1,0,0,0,0,0,0,0,0,0,0,0,0,0,0,4
514,89,27,M,programmer,0,0,0,0,0,0,0,0,0,1,0,0,0,0,1,0,0,0,0,4
677,109,20,M,other,0,0,0,0,1,0,0,0,0,0,0,0,0,0,1,0,0,0,0,1
942,878,48,F,librarian,0,0,0,1,1,0,0,0,0,0,0,0,1,0,0,0,0,0,0,4
357,926,26,M,executive,0,0,0,0,1,0,0,0,0,0,0,0,0,0,0,0,0,0,0,4
717,288,24,M,technician,0,0,0,0,0,0,0,0,0,0,1,0,0,0,0,1,0,0,0,1
885,386,30,F,other,0,0,0,0,1,0,0,0,0,0,0,0,0,0,0,0,0,0,0,2
851,346,18,M,other,0,0,0,0,0,1,0,1,0,0,0,0,0,0,0,0,0,0,0,5
690,167,35,M,salesman,0,0,0,0,1,0,0,0,0,0,0,0,0,0,0,0,0,0,0,2
242,294,33,M,educator,0,0,0,0,1,0,0,0,0,0,0,0,0,0,0,0,0,0,0,4
385,558,36,M,writer,0,0,0,0,0,0,0,1,1,0,0,0,0,0,0,1,0,0,0,2
846,498,27,M,lawyer,1,1,0,0,0,0,0,0,0,0,0,0,0,1,0,0,1,0,0,4
895,13,31,F,librarian,0,0,0,0,1,0,0,0,0,0,0,0,0,0,0,0,0,0,0,5
727,685,25,M,student,1,0,0,0,0,0,0,0,0,0,0,0,0,0,0,1,0,0,0,3
653,531,31,M,executive,0,0,0,0,0,0,0,1,0,0,0,0,0,1,0,0,0,0,0,5
210,168,39,M,engineer,0,0,0,0,1,0,0,0,0,0,0,0,0,0,0,0,0,0,0,5
565,190,40,M,student,0,0,0,0,0,0,0,1,0,0,0,0,0,0,0,0,1,0,0,5
733,744,44,F,other,0,0,0,0,0,0,0,1,0,0,0,0,0,0,0,0,1,0,0,4
934,436,61,M,engineer,0,0,0,0,0,0,0,0,0,0,1,0,0,0,0,0,0,0,0,3
911,190,37,F,writer,0,0,0,0,0,0,0,1,0,0,0,0,0,0,0,0,1,0,0,5
733,1085,44,F,other,0,0,0,0,0,0,0,1,0,0,0,0,0,1,0,0,0,0,0,4
875,183,24,F,student,1,0,0,0,0,0,0,0,0,0,1,0,0,0,1,1,0,0,0,5
699,10,44,M,other,0,0,0,0,0,0,0,1,0,0,0,0,0,0,0,0,1,0,0,4
896,87,28,M,writer,0,0,0,0,0,0,0,1,0,0,0,0,0,0,0,0,0,0,0,4
435,194,24,M,engineer,0,0,0,0,1,1,0,0,0,0,0,0,0,0,0,0,0,0,0,4
145,742,31,M,entertainment,0,0,0,0,0,0,0,1,0,0,0,0,0,0,0,1,0,0,0,4
848,200,46,M,engineer,0,0,0,0,0,0,0,0,0,0,1,0,0,0,0,0,0,0,0,2
941,993,20,M,student,0,1,1,1,1,0,0,0,0,0,0,1,0,0,0,0,0,0,0,4
450,519,35,F,educator,0,1,0,0,0,0,0,0,0,0,0,0,0,0,0,0,0,0,0,4
660,219,26,M,student,0,0,0,0,0,0,0,0,0,0,1,0,0,0,0,0,0,0,0,1
350,187,32,M,student,1,0,0,0,0,1,0,1,0,0,0,0,0,0,0,0,0,0,0,5
481,88,73,M,retired,0,0,0,0,1,0,0,0,0,0,0,0,0,1,0,0,0,0,0,4
406,702,52,M,educator,0,0,0,0,1,0,0,0,0,0,0,0,0,1,0,0,0,0,0,3
455,250,48,M,administrator,1,0,0,0,0,0,0,0,0,0,0,0,0,0,1,0,0,0,0,3
454,285,57,M,other,0,0,0,0,0,0,0,1,0,0,0,0,0,0,0,0,0,0,0,2
846,1066,27,M,lawyer,0,0,1,1,0,0,0,0,0,0,0,0,0,0,0,0,0,0,0,3
698,487,28,F,programmer,0,0,0,0,1,0,0,0,0,0,0,0,0,1,0,0,0,0,0,2
882,168,35,M,engineer,0,0,0,0,1,0,0,0,0,0,0,0,0,0,0,0,0,0,0,5
59,193,49,M,educator,0,0,0,0,0,0,0,1,0,0,0,0,0,0,0,0,0,0,0,4
919,285,25,M,other,0,0,0,0,0,0,0,1,0,0,0,0,0,0,0,0,0,0,0,5
660,456,26,M,student,1,0,0,0,1,0,0,0,0,0,0,0,0,0,0,0,0,0,0,1
844,260,22,M,engineer,1,0,0,0,0,0,0,0,0,0,0,0,1,0,1,1,0,0,0,1
840,121,39,M,artist,1,0,0,0,0,0,0,0,0,0,0,0,0,0,1,0,1,0,0,2
306,1251,45,M,other,0,0,0,0,1,0,0,0,0,0,0,0,0,0,0,0,0,0,0,5
624,477,19,M,student,0,0,0,1,1,0,0,0,0,0,0,0,0,0,0,0,0,0,0,3
757,153,26,M,student,0,0,0,0,1,0,0,0,0,0,0,0,0,0,0,0,0,0,0,3
735,748,29,F,healthcare,1,0,0,0,0,0,0,0,0,0,0,0,0,1,0,1,0,0,0,3
533,1291,43,M,librarian,0,0,0,0,1,0,0,0,0,0,0,0,0,0,0,0,0,0,0,1
858,100,63,M,educator,0,0,0,0,0,1,0,1,0,0,0,0,0,0,0,1,0,0,0,3
405,99,22,F,healthcare,0,0,1,1,0,0,0,0,0,0,0,1,0,0,0,0,0,0,0,5
428,352,28,M,student,0,0,0,0,1,0,0,0,0,0,0,1,0,0,0,0,0,0,0,4
269,52,31,F,librarian,0,0,0,0,0,0,0,1,0,0,0,0,0,0,0,0,0,0,0,4
616,879,55,M,scientist,1,0,0,0,0,0,0,0,0,0,0,0,0,0,0,1,1,0,0,4
664,182,30,M,engineer,0,0,0,0,0,1,0,1,0,0,0,0,0,0,0,0,0,0,0,4
131,297,59,F,administrator,0,0,0,0,0,0,0,1,0,0,0,0,0,0,0,0,0,0,0,4
499,525,42,M,programmer,0,0,0,0,0,0,0,0,0,1,0,0,1,0,0,0,0,0,0,4
766,133,42,M,other,0,0,0,0,0,0,0,1,0,0,0,0,0,1,0,0,1,0,0,3
395,866,43,M,other,0,0,0,0,1,0,0,0,0,0,0,0,0,1,0,0,0,0,0,3
314,1063,20,F,student,0,0,0,1,0,0,0,1,0,0,0,0,0,0,0,0,0,0,0,5
600,511,34,M,programmer,0,1,0,0,0,0,0,0,0,0,0,0,0,0,0,0,1,0,0,5
828,1466,28,M,librarian,0,0,0,0,0,0,0,1,0,0,0,0,0,0,0,0,0,0,0,4
650,301,42,M,engineer,0,0,0,0,1,0,0,0,0,0,0,0,0,0,0,0,0,0,0,2
328,313,51,M,administrator,1,0,0,0,0,0,0,1,0,0,0,0,0,1,0,0,0,0,0,4
921,227,20,F,student,1,1,0,0,0,0,0,0,0,0,0,0,0,0,1,0,0,0,0,3
835,196,44,F,executive,0,0,0,0,0,0,0,1,0,0,0,0,0,0,0,0,0,0,0,5
561,802,23,M,engineer,1,1,0,0,0,1,0,0,0,0,0,0,0,0,0,1,0,0,0,1
826,176,28,M,artist,1,0,0,0,0,0,0,0,0,0,0,0,0,0,1,1,1,0,0,5
744,302,35,M,marketing,0,0,0,0,0,1,0,0,0,1,0,0,1,0,0,1,0,0,0,5
704,269,51,F,librarian,0,0,0,0,1,0,0,0,0,0,0,0,0,0,0,0,0,0,0,4
630,213,26,F,healthcare,0,0,0,0,0,0,0,1,0,0,0,0,0,1,0,0,0,0,0,2
44,87,26,M,technician,0,0,0,0,0,0,0,1,0,0,0,0,0,0,0,0,0,0,0,5
606,211,28,M,programmer,0,0,0,0,1,0,0,0,0,0,0,0,0,0,0,0,1,0,0,5
617,656,27,F,writer,0,0,0,0,0,1,0,0,0,1,0,0,0,0,0,1,0,0,0,4
59,519,49,M,educator,0,1,0,0,0,0,0,0,0,0,0,0,0,0,0,0,0,0,0,4
552,756,45,M,other,0,0,0,0,1,0,0,0,0,0,0,0,0,0,0,0,0,0,0,2
344,408,30,F,librarian,0,0,1,0,1,0,0,0,0,0,0,0,0,0,0,1,0,0,0,5
751,11,24,F,other,0,0,0,0,0,1,0,0,0,0,0,0,0,0,0,1,0,0,0,1
620,237,18,F,writer,0,0,0,0,0,0,0,1,0,0,0,0,0,1,0,0,0,0,0,4
889,121,24,M,technician,1,0,0,0,0,0,0,0,0,0,0,0,0,0,1,0,1,0,0,4
374,829,36,M,executive,1,1,0,0,0,0,0,0,0,0,0,0,0,0,0,0,0,0,0,2
508,183,27,M,marketing,1,0,0,0,0,0,0,0,0,0,1,0,0,0,1,1,0,0,0,5
871,17,31,M,executive,1,0,0,0,1,1,0,0,0,0,1,0,0,0,0,1,0,0,0,3
682,833,23,M,programmer,1,0,0,0,0,0,0,0,0,0,0,0,0,0,0,0,0,0,0,1
716,486,36,F,administrator,0,0,0,0,1,0,0,0,0,0,0,0,0,1,0,0,0,0,0,5
365,1011,29,M,lawyer,0,0,0,0,0,1,0,0,0,0,0,0,0,0,0,0,0,0,0,3
601,294,19,F,artist,0,0,0,0,1,0,0,0,0,0,0,0,0,0,0,0,0,0,0,1
883,209,49,M,librarian,0,0,0,0,1,0,0,1,0,0,0,1,0,0,0,0,0,0,0,3
927,69,23,M,programmer,0,0,0,0,1,0,0,0,0,0,0,0,0,1,0,0,1,0,0,4
798,378,40,F,writer,0,0,0,0,0,0,0,1,0,0,0,0,0,0,0,0,0,0,0,4
727,511,25,M,student,0,1,0,0,0,0,0,0,0,0,0,0,0,0,0,0,1,0,0,4
905,124,27,M,other,0,0,0,0,0,0,0,1,0,0,0,0,1,0,0,0,0,0,0,4
749,291,33,M,other,0,0,0,0,0,0,0,0,0,0,0,0,1,0,0,1,0,0,0,4
686,265,32,M,educator,1,0,0,0,0,0,0,0,0,0,0,0,0,0,0,1,0,0,0,4
622,586,25,M,programmer,1,0,0,0,0,0,0,0,0,0,0,0,0,0,0,0,0,0,0,3
796,879,32,F,writer,1,0,0,0,0,0,0,0,0,0,0,0,0,0,0,1,1,0,0,4
865,472,25,M,artist,1,1,0,0,0,0,0,0,1,0,0,0,0,0,0,0,0,0,0,1
622,404,25,M,programmer,0,0,1,1,0,0,0,0,0,0,0,0,0,0,0,0,0,0,0,3
577,472,36,F,student,1,1,0,0,0,0,0,0,1,0,0,0,0,0,0,0,0,0,0,4
160,129,27,M,programmer,0,0,0,0,0,1,0,1,0,0,0,0,0,1,0,1,0,0,0,4
934,393,61,M,engineer,0,0,0,0,1,0,0,0,0,0,0,0,0,0,0,0,0,0,0,2
867,186,24,M,scientist,1,0,0,0,1,0,0,0,0,0,0,1,0,0,0,0,0,0,0,5
507,288,18,F,writer,0,0,0,0,0,0,0,0,0,0,1,0,0,0,0,1,0,0,0,5
625,1016,27,M,programmer,1,1,0,0,0,0,0,0,0,0,0,0,0,0,0,1,0,0,0,2
286,280,27,M,student,0,0,0,0,0,0,0,1,0,0,0,0,0,1,0,0,0,0,0,4
550,596,16,F,student,0,0,1,1,0,0,0,0,0,0,0,1,0,0,0,0,0,0,0,2
802,302,35,M,administrator,0,0,0,0,0,1,0,0,0,1,0,0,1,0,0,1,0,0,0,4
871,876,31,M,executive,1,0,0,0,1,0,0,0,0,0,0,0,0,0,0,0,0,0,0,3
276,428,21,M,student,0,0,0,0,1,0,0,0,0,0,0,0,0,0,0,0,0,0,0,4
644,871,51,M,retired,0,0,0,0,1,0,0,0,0,0,0,0,0,0,0,0,0,0,0,4
389,969,44,F,writer,0,0,1,1,0,0,0,0,0,0,0,0,0,0,0,0,0,0,0,4
717,298,24,M,technician,1,0,0,0,0,0,0,0,0,0,0,0,0,0,1,1,0,0,0,3
799,289,49,F,administrator,0,0,0,0,0,0,0,1,0,0,0,1,0,0,0,0,0,0,0,3
930,151,28,F,scientist,0,1,0,1,1,0,0,0,0,0,0,0,0,0,0,0,0,0,0,2
918,443,40,M,scientist,0,0,0,0,0,0,0,0,0,0,1,0,0,0,0,0,0,0,0,3
756,197,30,F,none,0,0,0,0,0,0,0,1,0,0,0,0,0,1,0,0,0,0,0,2
299,12,29,M,doctor,0,0,0,0,0,1,0,0,0,0,0,0,0,0,0,1,0,0,0,5
13,826,47,M,educator,0,1,0,0,0,0,0,0,0,0,0,0,0,0,0,0,0,0,0,5
655,640,50,F,healthcare,0,0,0,0,0,0,0,1,0,0,0,0,0,0,0,0,0,0,0,2
883,464,49,M,librarian,0,0,0,0,0,0,0,1,0,0,0,0,0,0,0,0,0,0,0,5
665,151,25,M,administrator,0,1,0,1,1,0,0,0,0,0,0,0,0,0,0,0,0,0,0,3
788,331,51,M,administrator,0,1,0,0,0,0,0,0,0,0,0,0,0,0,0,1,0,0,0,4
625,522,27,M,programmer,0,0,0,0,1,0,0,1,0,0,0,0,0,0,0,0,0,0,0,3
721,406,24,F,entertainment,0,0,0,0,0,0,0,0,0,0,1,0,0,0,0,1,0,0,0,1
199,269,30,M,writer,0,0,0,0,1,0,0,0,0,0,0,0,0,0,0,0,0,0,0,5
655,160,50,F,healthcare,0,0,0,0,0,0,0,1,0,0,0,0,0,0,0,0,0,0,0,3
697,257,25,M,other,1,1,0,0,1,0,0,0,0,0,0,0,0,0,1,0,0,0,0,5
693,742,43,F,healthcare,0,0,0,0,0,0,0,1,0,0,0,0,0,0,0,1,0,0,0,3
898,270,23,M,homemaker,0,0,0,0,0,0,0,1,0,0,0,0,0,0,1,1,0,0,0,4
330,403,35,F,educator,1,1,0,0,0,1,0,1,0,0,0,0,0,0,0,0,0,0,0,5
605,371,33,M,engineer,0,0,0,0,0,0,0,1,0,0,0,0,0,1,0,0,0,0,0,5
696,311,55,M,other,0,0,0,0,0,0,0,1,0,0,0,0,0,1,0,1,0,0,0,5
295,402,31,M,educator,0,0,0,0,1,0,0,0,0,0,0,0,0,1,0,1,0,0,0,5
807,1133,41,F,healthcare,0,1,0,1,0,0,0,0,1,0,0,0,0,0,0,0,0,0,0,3
254,451,44,M,educator,0,0,0,0,1,0,0,0,0,0,0,1,0,1,0,0,0,0,0,2
192,255,42,M,educator,0,0,0,0,1,0,0,0,0,0,0,0,0,1,0,0,0,0,0,2
363,751,20,M,student,1,0,0,0,0,0,0,0,0,0,0,0,0,1,0,1,0,0,0,1
452,504,35,M,administrator,0,0,0,0,0,1,0,1,0,0,0,0,0,0,0,0,0,0,0,2
860,202,70,F,retired,0,0,0,0,1,0,0,0,0,0,0,0,0,1,0,0,0,0,0,4
896,291,28,M,writer,0,0,0,0,0,0,0,0,0,0,0,0,1,0,0,1,0,0,0,3
361,319,22,M,student,0,0,0,0,1,0,0,0,0,0,0,1,0,1,0,0,0,0,0,5
930,288,28,F,scientist,0,0,0,0,0,0,0,0,0,0,1,0,0,0,0,1,0,0,0,1
297,357,29,F,educator,0,0,0,0,0,0,0,1,0,0,0,0,0,0,0,0,0,0,0,4
451,302,16,M,student,0,0,0,0,0,1,0,0,0,1,0,0,1,0,0,1,0,0,0,3
117,931,20,M,student,0,0,0,0,0,0,0,0,0,0,0,0,0,0,1,1,0,0,0,3
218,514,37,M,administrator,0,0,0,0,1,0,0,0,0,0,0,0,0,1,0,0,0,0,0,4
860,316,70,F,retired,0,0,0,0,1,0,0,1,0,0,0,0,0,0,0,0,0,0,0,3
1,165,24,M,technician,0,0,0,0,0,0,0,1,0,0,0,0,0,0,0,0,0,0,0,5
442,218,22,M,student,0,0,0,0,0,0,0,0,0,0,0,0,0,0,0,1,0,0,0,3
655,785,50,F,healthcare,0,0,0,0,1,0,0,0,0,0,0,0,0,1,0,0,0,0,0,2
577,48,36,F,student,0,0,0,0,0,0,1,0,0,0,0,0,0,0,0,0,0,0,0,5
860,333,70,F,retired,0,0,0,0,0,0,0,0,0,0,0,0,1,0,0,1,0,0,0,3
794,275,32,M,educator,0,0,0,0,0,0,0,1,0,0,0,0,0,1,0,0,0,0,0,4
586,3,20,M,student,0,0,0,0,0,0,0,0,0,0,0,0,0,0,0,1,0,0,0,5
661,210,28,M,programmer,1,1,0,0,0,0,0,0,0,0,0,0,0,0,0,0,0,0,0,5
569,100,34,M,educator,0,0,0,0,0,1,0,1,0,0,0,0,0,0,0,1,0,0,0,5
429,227,27,M,student,1,1,0,0,0,0,0,0,0,0,0,0,0,0,1,0,0,0,0,2
833,381,34,M,writer,0,0,0,0,1,0,0,0,0,0,0,0,0,1,0,0,0,0,0,4
877,258,30,M,other,0,0,0,0,0,0,0,1,0,0,0,0,0,0,1,0,0,0,0,4
343,150,43,M,engineer,0,0,0,0,1,0,0,1,0,0,0,0,0,0,0,0,0,0,0,4
535,707,45,F,educator,0,0,0,0,0,0,0,1,0,0,0,0,0,0,0,0,0,0,0,4
715,108,21,M,technician,0,0,0,0,1,0,0,0,0,0,0,0,0,0,0,0,0,0,0,4
757,313,26,M,student,1,0,0,0,0,0,0,1,0,0,0,0,0,1,0,0,0,0,0,3
646,751,17,F,student,1,0,0,0,0,0,0,0,0,0,0,0,0,1,0,1,0,0,0,2
910,137,28,M,healthcare,0,0,0,0,0,0,0,1,0,0,0,0,0,0,0,0,0,0,0,3
807,257,41,F,healthcare,1,1,0,0,1,0,0,0,0,0,0,0,0,0,1,0,0,0,0,4
932,172,58,M,educator,1,1,0,0,0,0,0,1,0,0,0,0,0,1,1,0,1,0,0,5
758,898,27,M,student,0,0,0,0,0,0,0,1,0,0,0,0,0,0,0,0,0,0,0,3
505,144,27,F,other,1,0,0,0,0,0,0,0,0,0,0,0,0,0,0,1,0,0,0,3
846,570,27,M,lawyer,0,0,0,0,0,0,0,0,0,0,0,0,0,0,0,0,0,1,0,4
718,15,42,M,technician,0,0,0,0,0,0,0,1,0,0,0,0,0,0,0,0,0,0,0,5
457,147,33,F,salesman,1,0,0,0,0,0,0,0,0,0,0,0,0,0,0,1,0,0,0,5
705,183,21,F,student,1,0,0,0,0,0,0,0,0,0,1,0,0,0,1,1,0,0,0,2
681,682,44,F,marketing,0,0,0,0,0,0,0,0,0,0,1,0,1,0,0,1,0,0,0,1
348,685,24,F,student,1,0,0,0,0,0,0,0,0,0,0,0,0,0,0,1,0,0,0,4
535,265,45,F,educator,1,0,0,0,0,0,0,0,0,0,0,0,0,0,0,1,0,0,0,3
692,866,34,M,engineer,0,0,0,0,1,0,0,0,0,0,0,0,0,1,0,0,0,0,0,4
883,703,49,M,librarian,0,0,0,0,0,0,0,1,0,0,0,0,0,0,0,0,0,0,0,3
758,154,27,M,student,0,0,0,0,1,0,0,0,0,0,0,0,0,0,0,0,0,0,0,5
431,269,24,M,marketing,0,0,0,0,1,0,0,0,0,0,0,0,0,0,0,0,0,0,0,3
222,446,29,M,programmer,0,0,0,0,0,0,0,0,0,0,1,0,0,0,0,0,0,0,0,3
652,96,35,M,other,1,0,0,0,0,0,0,0,0,0,0,0,0,0,1,1,0,0,0,4
303,869,19,M,student,0,0,0,0,1,0,0,0,0,0,0,0,0,1,0,0,0,0,0,2
290,95,40,M,engineer,0,0,1,1,1,0,0,0,0,0,0,1,0,0,0,0,0,0,0,4
937,242,48,M,educator,0,0,0,0,1,0,0,0,0,0,0,0,0,0,0,0,0,0,0,3
429,155,27,M,student,0,0,0,0,0,0,0,0,0,0,0,1,0,1,0,0,0,0,0,2
732,289,28,F,other,0,0,0,0,0,0,0,1,0,0,0,1,0,0,0,0,0,0,0,3
933,196,28,M,student,0,0,0,0,0,0,0,1,0,0,0,0,0,0,0,0,0,0,0,4
904,328,17,F,student,1,0,0,0,0,0,0,0,0,0,0,0,1,1,0,1,0,0,0,2
916,212,27,M,engineer,0,0,0,0,0,0,0,1,0,0,0,0,0,0,0,0,0,0,0,5
474,608,51,M,executive,0,0,0,0,0,0,0,0,0,0,0,0,1,1,0,1,0,0,0,4
721,684,24,F,entertainment,1,0,0,0,0,0,0,0,0,0,0,0,0,0,0,1,0,0,0,4
95,511,31,M,administrator,0,1,0,0,0,0,0,0,0,0,0,0,0,0,0,0,1,0,0,4
921,892,20,F,student,0,0,0,1,1,0,0,0,1,0,0,0,0,0,0,0,0,0,0,3
591,709,57,F,librarian,0,0,0,0,1,0,0,0,0,0,0,0,0,1,0,0,0,0,0,4
416,80,20,F,student,1,0,0,0,1,0,0,0,0,0,0,0,0,0,0,0,1,0,0,2
870,384,22,M,student,0,0,0,0,1,0,0,0,0,0,0,0,0,0,0,0,0,0,0,3
716,519,36,F,administrator,0,1,0,0,0,0,0,0,0,0,0,0,0,0,0,0,0,0,0,3
579,202,32,M,educator,0,0,0,0,1,0,0,0,0,0,0,0,0,1,0,0,0,0,0,5
747,507,19,M,other,0,0,0,0,0,0,0,1,0,0,0,0,0,0,0,0,0,0,0,3
741,173,25,M,writer,1,1,0,0,1,0,0,0,0,0,0,0,0,1,0,0,0,0,0,2
497,1415,20,M,student,1,0,0,1,0,0,0,0,0,0,0,0,0,0,0,0,0,0,0,2
567,127,24,M,entertainment,1,0,0,0,0,1,0,1,0,0,0,0,0,0,0,0,0,0,0,5
393,121,19,M,student,1,0,0,0,0,0,0,0,0,0,0,0,0,0,1,0,1,0,0,4
329,8,48,M,educator,0,0,0,1,1,0,0,1,0,0,0,0,0,0,0,0,0,0,0,2
707,248,56,F,librarian,0,0,0,0,1,1,0,0,0,0,0,0,0,0,0,0,0,0,0,4
648,452,43,M,engineer,1,0,0,0,0,0,0,0,0,0,1,0,0,0,0,0,0,0,0,3
853,264,49,M,writer,0,0,0,0,0,0,0,0,0,0,0,0,0,0,1,1,0,0,0,3
889,12,24,M,technician,0,0,0,0,0,1,0,0,0,0,0,0,0,0,0,1,0,0,0,5
699,124,44,M,other,0,0,0,0,0,0,0,1,0,0,0,0,1,0,0,0,0,0,0,4
826,501,28,M,artist,0,0,1,1,0,0,0,0,0,0,0,1,0,0,0,0,0,0,0,3
856,313,43,F,marketing,1,0,0,0,0,0,0,1,0,0,0,0,0,1,0,0,0,0,0,5
708,118,26,F,homemaker,1,1,0,0,0,0,0,0,0,0,0,0,0,0,0,1,0,0,0,5
674,245,13,F,student,1,0,0,0,0,0,0,1,0,0,0,0,0,0,0,1,1,0,0,4
456,547,24,M,technician,0,0,0,0,0,1,0,0,0,0,0,0,0,0,0,0,0,0,0,3
903,333,28,M,educator,0,0,0,0,0,0,0,0,0,0,0,0,1,0,0,1,0,0,0,4
767,183,70,M,engineer,1,0,0,0,0,0,0,0,0,0,1,0,0,0,1,1,0,0,0,4
536,427,38,M,engineer,0,0,0,0,0,0,0,1,0,0,0,0,0,0,0,0,0,0,0,5
303,147,19,M,student,1,0,0,0,0,0,0,0,0,0,0,0,0,0,0,1,0,0,0,4
374,779,36,M,executive,1,0,0,0,0,0,0,0,0,0,0,0,0,0,0,0,0,0,0,3
721,51,24,F,entertainment,0,0,0,0,0,0,0,1,0,0,0,0,0,1,0,0,1,1,0,4
804,284,39,M,educator,0,0,0,0,1,0,0,0,0,0,0,0,0,1,0,0,0,0,0,4
643,238,39,M,scientist,0,0,0,0,1,0,0,0,0,0,0,0,0,0,0,0,0,0,0,3
532,240,20,M,student,0,0,1,0,1,0,0,0,0,0,0,0,0,0,0,0,0,0,0,3
709,7,21,M,other,0,0,0,0,0,0,0,1,0,0,0,0,0,0,1,0,0,0,0,3
943,51,22,M,student,0,0,0,0,0,0,0,1,0,0,0,0,0,1,0,0,1,1,0,1
87,121,47,M,administrator,1,0,0,0,0,0,0,0,0,0,0,0,0,0,1,0,1,0,0,5
682,195,23,M,programmer,1,0,0,0,0,0,0,0,0,0,0,0,0,0,1,1,0,0,0,4
773,185,20,M,student,0,0,0,0,0,0,0,0,0,0,1,0,0,1,0,1,0,0,0,4
298,357,44,M,executive,0,0,0,0,0,0,0,1,0,0,0,0,0,0,0,0,0,0,0,5
738,2,35,M,technician,1,1,0,0,0,0,0,0,0,0,0,0,0,0,0,1,0,0,0,3
610,508,22,M,student,0,0,0,0,0,0,0,1,0,0,0,0,0,0,0,0,0,0,0,3
940,855,32,M,administrator,1,0,0,0,0,0,0,1,0,0,0,0,1,1,0,1,0,0,0,5
932,154,58,M,educator,0,0,0,0,1,0,0,0,0,0,0,0,0,0,0,0,0,0,0,5
429,204,27,M,student,0,0,0,0,1,0,0,0,0,0,0,0,0,0,1,0,0,0,0,4
864,789,27,M,programmer,0,0,0,0,1,0,0,1,0,0,0,0,0,0,0,0,0,0,0,4
899,483,32,M,other,0,0,0,0,0,0,0,1,0,0,0,0,0,1,0,0,1,0,0,4
45,284,29,M,programmer,0,0,0,0,1,0,0,0,0,0,0,0,0,1,0,0,0,0,0,4
75,289,24,M,entertainment,0,0,0,0,0,0,0,1,0,0,0,1,0,0,0,0,0,0,0,1
881,375,39,M,marketing,0,0,0,0,0,0,0,1,0,0,0,0,0,0,0,0,0,0,0,1
640,391,20,M,student,1,0,0,0,1,0,0,0,0,0,0,0,0,0,0,0,0,0,0,3
458,513,47,M,technician,0,0,0,0,0,0,0,0,0,0,0,0,1,0,0,1,0,0,0,4
682,1093,23,M,programmer,0,0,0,0,1,0,0,0,0,0,0,0,0,0,0,0,0,0,0,3
42,1050,30,M,administrator,0,0,0,0,0,0,0,1,0,0,0,0,0,1,0,0,0,0,0,3
800,294,25,M,programmer,0,0,0,0,1,0,0,0,0,0,0,0,0,0,0,0,0,0,0,3
716,202,36,F,administrator,0,0,0,0,1,0,0,0,0,0,0,0,0,1,0,0,0,0,0,4
655,262,50,F,healthcare,0,0,0,0,0,0,0,1,0,0,0,0,0,0,0,0,0,0,0,5
882,21,35,M,engineer,1,1,0,0,1,0,0,0,0,0,0,1,0,0,0,1,0,0,0,2
500,1311,28,M,administrator,0,0,0,0,1,0,0,1,0,0,0,0,0,0,0,0,0,0,0,1
883,4,49,M,librarian,1,0,0,0,1,0,0,1,0,0,0,0,0,0,0,0,0,0,0,4
908,151,44,F,librarian,0,1,0,1,1,0,0,0,0,0,0,0,0,0,0,0,0,0,0,3
154,496,25,M,student,0,0,0,0,0,0,0,1,0,0,0,0,0,0,0,0,0,0,0,3
749,135,33,M,other,0,0,0,0,0,0,0,1,0,0,0,0,1,0,1,1,0,0,0,4
714,471,26,M,engineer,0,0,0,0,0,0,0,1,0,0,0,0,0,0,0,0,1,0,0,4
690,197,35,M,salesman,0,0,0,0,0,0,0,1,0,0,0,0,0,1,0,0,0,0,0,4
217,17,22,M,other,1,0,0,0,1,1,0,0,0,0,1,0,0,0,0,1,0,0,0,3
553,514,58,M,educator,0,0,0,0,1,0,0,0,0,0,0,0,0,1,0,0,0,0,0,3
847,95,29,M,student,0,0,1,1,1,0,0,0,0,0,0,1,0,0,0,0,0,0,0,4
263,23,41,M,programmer,0,0,0,0,0,0,0,1,0,0,0,0,0,0,0,1,0,0,0,3
936,243,24,M,other,0,0,0,1,1,0,0,0,0,0,0,0,0,0,0,0,0,0,0,2
868,227,21,M,programmer,1,1,0,0,0,0,0,0,0,0,0,0,0,0,1,0,0,0,0,1
711,181,22,F,student,1,1,0,0,0,0,0,0,0,0,0,0,0,1,1,0,1,0,0,4
936,1014,24,M,other,0,0,0,0,1,0,0,0,0,0,0,0,0,0,0,0,0,0,0,3
901,161,38,M,executive,1,0,0,0,0,0,0,0,0,0,0,0,0,1,0,0,0,0,0,5
666,162,44,M,administrator,0,0,0,0,0,0,0,1,0,0,0,0,0,0,0,0,0,0,0,4
883,873,49,M,librarian,0,0,0,0,1,0,0,0,0,0,0,0,0,1,0,0,0,0,0,3
